timestamp,amf_session_value,bearers_active_value,fivegs_amffunction_amf_authreject_value,fivegs_amffunction_amf_authreq_value,fivegs_amffunction_mm_confupdate_value,fivegs_amffunction_mm_confupdatesucc_value,fivegs_amffunction_mm_paging5greq_value,fivegs_amffunction_mm_paging5gsucc_value,fivegs_amffunction_rm_regemergreq_value,fivegs_amffunction_rm_regemergsucc_value,fivegs_amffunction_rm_reginitreq_value,fivegs_amffunction_rm_reginitsucc_value,fivegs_amffunction_rm_registeredsubnbr_value,fivegs_amffunction_rm_regmobreq_value,fivegs_amffunction_rm_regmobsucc_value,fivegs_amffunction_rm_regperiodreq_value,fivegs_amffunction_rm_regperiodsucc_value,fivegs_ep_n3_gtp_indatapktn3upf_value,fivegs_ep_n3_gtp_outdatapktn3upf_value,fivegs_pcffunction_pa_policyamassoreq_value,fivegs_pcffunction_pa_policyamassosucc_value,fivegs_pcffunction_pa_policysmassoreq_value,fivegs_pcffunction_pa_policysmassosucc_value,fivegs_pcffunction_pa_sessionnbr_value,fivegs_smffunction_sm_n4sessionestabreq_value,fivegs_smffunction_sm_n4sessionreport_value,fivegs_smffunction_sm_n4sessionreportsucc_value,fivegs_smffunction_sm_pdusessioncreationreq_value,fivegs_smffunction_sm_pdusessioncreationsucc_value,fivegs_smffunction_sm_qos_flow_nbr_value,fivegs_smffunction_sm_sessionnbr_value,fivegs_upffunction_sm_n4sessionestabreq_value,fivegs_upffunction_sm_n4sessionreport_value,fivegs_upffunction_sm_n4sessionreportsucc_value,fivegs_upffunction_upf_qosflows_value,fivegs_upffunction_upf_sessionnbr_value,gn_rx_createpdpcontextreq_value,gn_rx_deletepdpcontextreq_value,gn_rx_parse_failed_value,gnb_value,gtp1_pdpctxs_active_value,gtp2_sessions_active_value,gtp_new_node_failed_value,gtp_peers_active_value,process_cpu_seconds_total_value,process_max_fds_value,process_open_fds_value,process_resident_memory_bytes_value,process_start_time_seconds_value,process_virtual_memory_bytes_value,process_virtual_memory_max_bytes_value,ran_ue_value,s5c_rx_createsession_value,s5c_rx_parse_failed_value
2025-04-09 14:25:00,4.0,4.0,0.0,31.5,78.5,0.0,0.0,0.0,0.0,0.0,31.0,31.0,4.0,0.5,0.5,49.5,47.0,0.0,0.0,61.0,61.0,61.0,61.0,8.0,0.0,0.0,0.0,61.0,61.0,61.0,8.0,30.5,0.0,0.0,8.0,4.0,0.0,0.0,0.0,1.5,0.0,0.0,0.0,0.0,24.23125,655744.0,24.375,52526080.0,260263909.7275,1397296128.0,-1.0,0.0,0.0,0.0
2025-04-09 14:25:01,4.0,4.0,0.0,31.5,78.5,0.0,0.0,0.0,0.0,0.0,31.0,31.0,4.0,0.5,0.5,49.5,47.0,0.0,0.0,61.0,61.0,61.0,61.0,8.0,0.0,0.0,0.0,61.0,61.0,61.0,8.0,30.5,0.0,0.0,8.0,4.0,0.0,0.0,0.0,1.5,0.0,0.0,0.0,0.0,24.23125,655744.0,24.375,52526080.0,260263909.7275,1397296128.0,-1.0,0.0,0.0,0.0
2025-04-09 14:25:02,4.0,4.0,0.0,31.5,78.5,0.0,0.0,0.0,0.0,0.0,31.0,31.0,4.0,0.5,0.5,49.5,47.0,0.0,0.0,61.0,61.0,61.0,61.0,8.0,0.0,0.0,0.0,61.0,61.0,61.0,8.0,30.5,0.0,0.0,8.0,4.0,0.0,0.0,0.0,1.5,0.0,0.0,0.0,0.0,24.23125,655744.0,24.375,52526080.0,260263909.7275,1397296128.0,-1.0,0.0,0.0,0.0
2025-04-09 14:25:03,4.0,4.0,0.0,31.5,78.5,0.0,0.0,0.0,0.0,0.0,31.0,31.0,4.0,0.5,0.5,49.5,47.0,0.0,0.0,61.0,61.0,61.0,61.0,8.0,0.0,0.0,0.0,61.0,61.0,61.0,8.0,30.5,0.0,0.0,8.0,4.0,0.0,0.0,0.0,1.5,0.0,0.0,0.0,0.0,24.23125,655744.0,24.375,52526080.0,260263909.7275,1397296128.0,-1.0,0.0,0.0,0.0
2025-04-09 14:25:04,4.0,4.0,0.0,31.5,78.5,0.0,0.0,0.0,0.0,0.0,31.0,31.0,4.0,0.5,0.5,49.5,47.0,0.0,0.0,61.0,61.0,61.0,61.0,8.0,0.0,0.0,0.0,61.0,61.0,61.0,8.0,30.5,0.0,0.0,8.0,4.0,0.0,0.0,0.0,1.5,0.0,0.0,0.0,0.0,24.23375,655744.0,24.375,52526080.0,260263909.7275,1397296128.0,-1.0,0.0,0.0,0.0
2025-04-09 14:25:05,4.0,4.0,0.0,31.5,78.5,0.0,0.0,0.0,0.0,0.0,31.0,31.0,4.0,0.5,0.5,49.5,47.0,0.0,0.0,61.0,61.0,61.0,61.0,8.0,0.0,0.0,0.0,61.0,61.0,61.0,8.0,30.5,0.0,0.0,7.0,3.5,0.0,0.0,0.0,1.5,0.0,0.0,0.0,0.0,24.23375,655744.0,24.375,52526080.0,260263909.7275,1397296128.0,-1.0,0.0,0.0,0.0
2025-04-09 14:25:06,4.0,4.0,0.0,35.0,82.0,0.0,0.0,0.0,0.0,0.0,34.5,34.5,4.0,0.5,0.5,49.5,47.0,0.0,0.0,68.0,68.0,68.0,68.0,8.0,0.0,0.0,0.0,68.0,68.0,68.0,8.0,34.0,0.0,0.0,8.0,4.0,0.0,0.0,0.0,1.5,0.0,0.0,0.0,0.0,24.23375,655744.0,24.625,52606976.0,260263909.7275,1397296128.0,-1.0,3.5,0.0,0.0
2025-04-09 14:25:07,4.0,4.0,0.0,35.0,82.0,0.0,0.0,0.0,0.0,0.0,34.5,34.5,4.0,0.5,0.5,49.5,47.0,0.0,0.0,68.0,68.0,68.0,68.0,8.0,0.0,0.0,0.0,68.0,68.0,68.0,8.0,34.0,0.0,0.0,8.0,4.0,0.0,0.0,0.0,1.5,0.0,0.0,0.0,0.0,24.23375,655744.0,24.625,52606976.0,260263909.7275,1397296128.0,-1.0,3.5,0.0,0.0
2025-04-09 14:25:08,4.0,4.0,0.0,35.5,82.5,0.0,0.0,0.0,0.0,0.0,35.0,35.0,4.0,0.5,0.5,49.5,47.0,0.0,0.0,69.0,69.0,69.0,69.0,8.0,0.0,0.0,0.0,69.0,69.0,69.0,8.0,34.5,0.0,0.0,8.0,4.0,0.0,0.0,0.0,1.5,0.0,0.0,0.0,0.0,24.23375,655744.0,24.625,52606976.0,260263909.7275,1397296128.0,-1.0,4.0,0.0,0.0
2025-04-09 14:25:09,4.0,4.0,0.0,35.5,82.5,0.0,0.0,0.0,0.0,0.0,35.0,35.0,4.0,0.5,0.5,49.5,47.0,0.0,0.0,69.0,69.0,69.0,69.0,8.0,0.0,0.0,0.0,69.0,69.0,69.0,8.0,34.5,0.0,0.0,8.0,4.0,0.0,0.0,0.0,1.5,0.0,0.0,0.0,0.0,24.235,655744.0,24.625,52606976.0,260263909.7275,1397296128.0,-1.0,4.0,0.0,0.0
2025-04-09 14:25:10,4.0,4.0,0.0,35.5,82.5,0.0,0.0,0.0,0.0,0.0,35.0,35.0,4.0,0.5,0.5,49.5,47.0,0.0,0.0,69.0,69.0,69.0,69.0,8.0,0.0,0.0,0.0,69.0,69.0,69.0,8.0,34.5,0.0,0.0,8.0,4.0,0.0,0.0,0.0,1.5,0.0,0.0,0.0,0.0,24.235,655744.0,24.625,52606976.0,260263909.7275,1397296128.0,-1.0,4.0,0.0,0.0
2025-04-09 14:25:11,4.0,4.0,0.0,35.5,82.5,0.0,0.0,0.0,0.0,0.0,35.0,35.0,4.0,0.5,0.5,49.5,47.0,0.0,0.0,69.0,69.0,69.0,69.0,8.0,0.0,0.0,0.0,69.0,69.0,69.0,8.0,34.5,0.0,0.0,8.0,4.0,0.0,0.0,0.0,1.5,0.0,0.0,0.0,0.0,24.235,655744.0,24.625,52606976.0,260263909.7275,1397296128.0,-1.0,4.0,0.0,0.0
2025-04-09 14:25:12,4.0,4.0,0.0,35.5,82.5,0.0,0.0,0.0,0.0,0.0,35.0,35.0,4.0,0.5,0.5,49.5,47.0,0.0,0.0,69.0,69.0,69.0,69.0,8.0,0.0,0.0,0.0,69.0,69.0,69.0,8.0,34.5,0.0,0.0,8.0,4.0,0.0,0.0,0.0,1.5,0.0,0.0,0.0,0.0,24.235,655744.0,24.625,52606976.0,260263909.7275,1397296128.0,-1.0,4.0,0.0,0.0
2025-04-09 14:25:13,4.0,4.0,0.0,35.5,82.5,0.0,0.0,0.0,0.0,0.0,35.0,35.0,4.0,0.5,0.5,49.5,47.0,0.0,0.0,69.0,69.0,69.0,69.0,8.0,0.0,0.0,0.0,69.0,69.0,69.0,8.0,34.5,0.0,0.0,8.0,4.0,0.0,0.0,0.0,1.5,0.0,0.0,0.0,0.0,24.235,655744.0,24.75,52606976.0,260263909.7275,1397296128.0,-1.0,4.0,0.0,0.0
2025-04-09 14:25:14,4.0,4.0,0.0,35.5,82.5,0.0,0.0,0.0,0.0,0.0,35.0,35.0,4.0,0.5,0.5,49.5,47.0,0.0,0.0,69.0,69.0,69.0,69.0,8.0,0.0,0.0,0.0,69.0,69.0,69.0,8.0,34.5,0.0,0.0,8.0,4.0,0.0,0.0,0.0,1.5,0.0,0.0,0.0,0.0,24.23625,655744.0,24.75,52606976.0,260263909.7275,1397296128.0,-1.0,4.0,0.0,0.0
2025-04-09 14:25:15,4.0,4.0,0.0,35.5,82.5,0.0,0.0,0.0,0.0,0.0,35.0,35.0,4.0,0.5,0.5,49.5,47.0,0.0,0.0,69.0,69.0,69.0,69.0,8.0,0.0,0.0,0.0,69.0,69.0,69.0,8.0,34.5,0.0,0.0,8.0,4.0,0.0,0.0,0.0,1.5,0.0,0.0,0.0,0.0,24.23625,655744.0,24.75,52606976.0,260263909.7275,1397296128.0,-1.0,4.0,0.0,0.0
2025-04-09 14:25:16,4.0,4.0,0.0,35.5,82.5,0.0,0.0,0.0,0.0,0.0,35.0,35.0,4.0,0.5,0.5,49.5,47.0,0.0,0.0,69.0,69.0,69.0,69.0,8.0,0.0,0.0,0.0,69.0,69.0,69.0,8.0,34.5,0.0,0.0,8.0,4.0,0.0,0.0,0.0,1.5,0.0,0.0,0.0,0.0,24.23625,655744.0,24.75,52606976.0,260263909.7275,1397296128.0,-1.0,4.0,0.0,0.0
2025-04-09 14:25:17,4.0,4.0,0.0,35.5,82.5,0.0,0.0,0.0,0.0,0.0,35.0,35.0,4.0,0.5,0.5,49.5,47.0,0.0,0.0,69.0,69.0,69.0,69.0,8.0,0.0,0.0,0.0,69.0,69.0,69.0,8.0,34.5,0.0,0.0,8.0,4.0,0.0,0.0,0.0,1.5,0.0,0.0,0.0,0.0,24.23625,655744.0,24.75,52606976.0,260263909.7275,1397296128.0,-1.0,4.0,0.0,0.0
2025-04-09 14:25:18,4.0,4.0,0.0,35.5,82.5,0.0,0.0,0.0,0.0,0.0,35.0,35.0,4.0,0.5,0.5,49.5,47.0,0.0,0.0,69.0,69.0,69.0,69.0,8.0,0.0,0.0,0.0,69.0,69.0,69.0,8.0,34.5,0.0,0.0,8.0,4.0,0.0,0.0,0.0,1.5,0.0,0.0,0.0,0.0,24.23625,655744.0,24.75,52606976.0,260263909.7275,1397296128.0,-1.0,4.0,0.0,0.0
2025-04-09 14:25:19,4.0,4.0,0.0,35.5,82.5,0.0,0.0,0.0,0.0,0.0,35.0,35.0,4.0,0.5,0.5,49.5,47.0,0.0,0.0,69.0,69.0,69.0,69.0,8.0,0.0,0.0,0.0,69.0,69.0,69.0,8.0,34.5,0.0,0.0,8.0,4.0,0.0,0.0,0.0,1.5,0.0,0.0,0.0,0.0,24.23625,655744.0,24.75,52606976.0,260263909.7275,1397296128.0,-1.0,4.0,0.0,0.0
2025-04-09 14:25:20,4.0,4.0,0.0,35.5,82.5,0.0,0.0,0.0,0.0,0.0,35.0,35.0,4.0,0.5,0.5,49.5,47.0,0.0,0.0,69.0,69.0,69.0,69.0,8.0,0.0,0.0,0.0,69.0,69.0,69.0,8.0,34.5,0.0,0.0,8.0,4.0,0.0,0.0,0.0,1.5,0.0,0.0,0.0,0.0,24.2375,655744.0,24.75,52606976.0,260263909.7275,1397296128.0,-1.0,4.0,0.0,0.0
2025-04-09 14:25:21,4.0,4.0,0.0,35.5,82.5,0.0,0.0,0.0,0.0,0.0,35.0,35.0,4.0,0.5,0.5,49.5,47.0,0.0,0.0,69.0,69.0,69.0,69.0,8.0,0.0,0.0,0.0,69.0,69.0,69.0,8.0,34.5,0.0,0.0,8.0,4.0,0.0,0.0,0.0,1.5,0.0,0.0,0.0,0.0,24.2375,655744.0,24.75,52606976.0,260263909.7275,1397296128.0,-1.0,4.0,0.0,0.0
2025-04-09 14:25:22,4.0,4.0,0.0,35.5,82.5,0.0,0.0,0.0,0.0,0.0,35.0,35.0,4.0,0.5,0.5,49.5,47.0,0.0,0.0,69.0,69.0,69.0,69.0,8.0,0.0,0.0,0.0,69.0,69.0,69.0,8.0,34.5,0.0,0.0,8.0,4.0,0.0,0.0,0.0,1.5,0.0,0.0,0.0,0.0,24.2375,655744.0,24.75,52606976.0,260263909.7275,1397296128.0,-1.0,4.0,0.0,0.0
2025-04-09 14:25:23,4.0,4.0,0.0,35.5,82.5,0.0,0.0,0.0,0.0,0.0,35.0,35.0,4.0,0.5,0.5,49.5,47.0,0.0,0.0,69.0,69.0,69.0,69.0,8.0,0.0,0.0,0.0,69.0,69.0,69.0,8.0,34.5,0.0,0.0,8.0,4.0,0.0,0.0,0.0,1.5,0.0,0.0,0.0,0.0,24.2375,655744.0,24.625,52606976.0,260263909.7275,1397296128.0,-1.0,4.0,0.0,0.0
2025-04-09 14:25:24,4.0,4.0,0.0,35.5,82.5,0.0,0.0,0.0,0.0,0.0,35.0,35.0,4.0,0.5,0.5,49.5,47.0,0.0,0.0,69.0,69.0,69.0,69.0,8.0,0.0,0.0,0.0,69.0,69.0,69.0,8.0,34.5,0.0,0.0,8.0,4.0,0.0,0.0,0.0,1.5,0.0,0.0,0.0,0.0,24.2375,655744.0,24.625,52606976.0,260263909.7275,1397296128.0,-1.0,4.0,0.0,0.0
2025-04-09 14:25:25,4.0,4.0,0.0,35.5,82.5,0.0,0.0,0.0,0.0,0.0,35.0,35.0,4.0,0.5,0.5,49.5,47.0,0.0,0.0,69.0,69.0,69.0,69.0,8.0,0.0,0.0,0.0,69.0,69.0,69.0,8.0,34.5,0.0,0.0,8.0,4.0,0.0,0.0,0.0,1.5,0.0,0.0,0.0,0.0,24.23875,655744.0,24.625,52606976.0,260263909.7275,1397296128.0,-1.0,4.0,0.0,0.0
2025-04-09 14:25:26,4.0,4.0,0.0,35.5,82.5,0.0,0.0,0.0,0.0,0.0,35.0,35.0,4.0,0.5,0.5,49.5,47.0,0.0,0.0,69.0,69.0,69.0,69.0,8.0,0.0,0.0,0.0,69.0,69.0,69.0,8.0,34.5,0.0,0.0,8.0,4.0,0.0,0.0,0.0,1.5,0.0,0.0,0.0,0.0,24.23875,655744.0,24.625,52606976.0,260263909.7275,1397296128.0,-1.0,4.0,0.0,0.0
2025-04-09 14:25:27,4.0,4.0,0.0,35.5,82.5,0.0,0.0,0.0,0.0,0.0,35.0,35.0,4.0,0.5,0.5,49.5,47.0,0.0,0.0,69.0,69.0,69.0,69.0,8.0,0.0,0.0,0.0,69.0,69.0,69.0,8.0,34.5,0.0,0.0,8.0,4.0,0.0,0.0,0.0,1.5,0.0,0.0,0.0,0.0,24.23875,655744.0,24.625,52606976.0,260263909.7275,1397296128.0,-1.0,4.0,0.0,0.0
2025-04-09 14:25:28,4.0,4.0,0.0,35.5,82.5,0.0,0.0,0.0,0.0,0.0,35.0,35.0,4.0,0.5,0.5,49.5,47.0,0.0,0.0,69.0,69.0,69.0,69.0,8.0,0.0,0.0,0.0,69.0,69.0,69.0,8.0,34.5,0.0,0.0,8.0,4.0,0.0,0.0,0.0,1.5,0.0,0.0,0.0,0.0,24.23875,655744.0,24.625,52606976.0,260263909.7275,1397296128.0,-1.0,4.0,0.0,0.0
2025-04-09 14:25:29,4.0,4.0,0.0,35.5,82.5,0.0,0.0,0.0,0.0,0.0,35.0,35.0,4.0,0.5,0.5,49.5,47.0,0.0,0.0,69.0,69.0,69.0,69.0,8.0,0.0,0.0,0.0,69.0,69.0,69.0,8.0,34.5,0.0,0.0,8.0,4.0,0.0,0.0,0.0,1.5,0.0,0.0,0.0,0.0,24.240000000000002,655744.0,24.625,52606976.0,260263909.7275,1397296128.0,-1.0,4.0,0.0,0.0
2025-04-09 14:25:30,4.0,4.0,0.0,35.5,82.5,0.0,0.0,0.0,0.0,0.0,35.0,35.0,4.0,0.5,0.5,49.5,47.0,0.0,0.0,69.0,69.0,69.0,69.0,8.0,0.0,0.0,0.0,69.0,69.0,69.0,8.0,34.5,0.0,0.0,8.0,4.0,0.0,0.0,0.0,1.5,0.0,0.0,0.0,0.0,24.240000000000002,655744.0,24.625,52606976.0,260263909.7275,1397296128.0,-1.0,4.0,0.0,0.0
2025-04-09 14:25:31,4.0,4.0,0.0,35.5,82.5,0.0,0.0,0.0,0.0,0.0,35.0,35.0,4.0,0.5,0.5,49.5,47.0,0.0,0.0,69.0,69.0,69.0,69.0,8.0,0.0,0.0,0.0,69.0,69.0,69.0,8.0,34.5,0.0,0.0,8.0,4.0,0.0,0.0,0.0,1.5,0.0,0.0,0.0,0.0,24.240000000000002,655744.0,24.625,52606976.0,260263909.7275,1397296128.0,-1.0,4.0,0.0,0.0
2025-04-09 14:25:32,4.0,4.0,0.0,35.5,82.5,0.0,0.0,0.0,0.0,0.0,35.0,35.0,4.0,0.5,0.5,49.5,47.0,0.0,0.0,69.0,69.0,69.0,69.0,8.0,0.0,0.0,0.0,69.0,69.0,69.0,8.0,34.5,0.0,0.0,8.0,4.0,0.0,0.0,0.0,1.5,0.0,0.0,0.0,0.0,24.240000000000002,655744.0,24.625,52606976.0,260263909.7275,1397296128.0,-1.0,4.0,0.0,0.0
2025-04-09 14:25:33,4.0,4.0,0.0,35.5,82.5,0.0,0.0,0.0,0.0,0.0,35.0,35.0,4.0,0.5,0.5,49.5,47.0,0.0,0.0,69.0,69.0,69.0,69.0,8.0,0.0,0.0,0.0,69.0,69.0,69.0,8.0,34.5,0.0,0.0,8.0,4.0,0.0,0.0,0.0,1.5,0.0,0.0,0.0,0.0,24.240000000000002,655744.0,24.625,52606976.0,260263909.7275,1397296128.0,-1.0,4.0,0.0,0.0
2025-04-09 14:25:34,4.0,4.0,0.0,35.5,82.5,0.0,0.0,0.0,0.0,0.0,35.0,35.0,4.0,0.5,0.5,49.5,47.0,0.0,0.0,69.0,69.0,69.0,69.0,8.0,0.0,0.0,0.0,69.0,69.0,69.0,8.0,34.5,0.0,0.0,8.0,4.0,0.0,0.0,0.0,1.5,0.0,0.0,0.0,0.0,24.240000000000002,655744.0,24.625,52606976.0,260263909.7275,1397296128.0,-1.0,4.0,0.0,0.0
2025-04-09 14:25:35,4.0,4.0,0.0,35.5,82.5,0.0,0.0,0.0,0.0,0.0,35.0,35.0,4.0,0.5,0.5,49.5,47.0,0.0,0.0,69.0,69.0,69.0,69.0,8.0,0.0,0.0,0.0,69.0,69.0,69.0,8.0,34.5,0.0,0.0,8.0,4.0,0.0,0.0,0.0,1.5,0.0,0.0,0.0,0.0,24.24125,655744.0,24.625,52606976.0,260263909.7275,1397296128.0,-1.0,4.0,0.0,0.0
2025-04-09 14:25:36,4.0,4.0,0.0,35.5,82.5,0.0,0.0,0.0,0.0,0.0,35.0,35.0,4.0,0.5,0.5,49.5,47.0,0.0,0.0,69.0,69.0,69.0,69.0,8.0,0.0,0.0,0.0,69.0,69.0,69.0,8.0,34.5,0.0,0.0,8.0,4.0,0.0,0.0,0.0,1.5,0.0,0.0,0.0,0.0,24.24125,655744.0,24.625,52606976.0,260263909.7275,1397296128.0,-1.0,4.0,0.0,0.0
2025-04-09 14:25:37,4.0,4.0,0.0,35.5,82.5,0.0,0.0,0.0,0.0,0.0,35.0,35.0,4.0,0.5,0.5,49.5,47.0,0.0,0.0,69.0,69.0,69.0,69.0,8.0,0.0,0.0,0.0,69.0,69.0,69.0,8.0,34.5,0.0,0.0,8.0,4.0,0.0,0.0,0.0,1.5,0.0,0.0,0.0,0.0,24.2425,655744.0,24.625,52606976.0,260263909.7275,1397296128.0,-1.0,4.0,0.0,0.0
2025-04-09 14:25:38,4.0,4.0,0.0,35.5,82.5,0.0,0.0,0.0,0.0,0.0,35.0,35.0,4.0,0.5,0.5,49.5,47.0,0.0,0.0,69.0,69.0,69.0,69.0,8.0,0.0,0.0,0.0,69.0,69.0,69.0,8.0,34.5,0.0,0.0,8.0,4.0,0.0,0.0,0.0,1.5,0.0,0.0,0.0,0.0,24.2425,655744.0,24.625,52606976.0,260263909.7275,1397296128.0,-1.0,4.0,0.0,0.0
2025-04-09 14:25:39,4.0,4.0,0.0,35.5,82.5,0.0,0.0,0.0,0.0,0.0,35.0,35.0,4.0,0.5,0.5,49.5,47.0,0.0,0.0,69.0,69.0,69.0,69.0,8.0,0.0,0.0,0.0,69.0,69.0,69.0,8.0,34.5,0.0,0.0,8.0,4.0,0.0,0.0,0.0,1.5,0.0,0.0,0.0,0.0,24.2425,655744.0,24.625,52606976.0,260263909.7275,1397296128.0,-1.0,4.0,0.0,0.0
2025-04-09 14:25:40,4.0,4.0,0.0,35.5,82.5,0.0,0.0,0.0,0.0,0.0,35.0,35.0,4.0,0.5,0.5,49.5,47.0,0.0,0.0,69.0,69.0,69.0,69.0,8.0,0.0,0.0,0.0,69.0,69.0,69.0,8.0,34.5,0.0,0.0,8.0,4.0,0.0,0.0,0.0,1.5,0.0,0.0,0.0,0.0,24.2425,655744.0,24.625,52606976.0,260263909.7275,1397296128.0,-1.0,4.0,0.0,0.0
2025-04-09 14:25:41,4.0,4.0,0.0,35.5,82.5,0.0,0.0,0.0,0.0,0.0,35.0,35.0,4.0,0.5,0.5,49.5,47.0,0.0,0.0,69.0,69.0,69.0,69.0,8.0,0.0,0.0,0.0,69.0,69.0,69.0,8.0,34.5,0.0,0.0,8.0,4.0,0.0,0.0,0.0,1.5,0.0,0.0,0.0,0.0,24.2425,655744.0,24.625,52606976.0,260263909.7275,1397296128.0,-1.0,4.0,0.0,0.0
2025-04-09 14:25:42,4.0,4.0,0.0,35.5,82.5,0.0,0.0,0.0,0.0,0.0,35.0,35.0,4.0,0.5,0.5,49.5,47.0,0.0,0.0,69.0,69.0,69.0,69.0,8.0,0.0,0.0,0.0,69.0,69.0,69.0,8.0,34.5,0.0,0.0,8.0,4.0,0.0,0.0,0.0,1.5,0.0,0.0,0.0,0.0,24.2425,655744.0,24.625,52606976.0,260263909.7275,1397296128.0,-1.0,4.0,0.0,0.0
2025-04-09 14:25:43,4.0,4.0,0.0,35.5,82.5,0.0,0.0,0.0,0.0,0.0,35.0,35.0,4.0,0.5,0.5,49.5,47.0,0.0,0.0,69.0,69.0,69.0,69.0,8.0,0.0,0.0,0.0,69.0,69.0,69.0,8.0,34.5,0.0,0.0,8.0,4.0,0.0,0.0,0.0,1.5,0.0,0.0,0.0,0.0,24.2425,655744.0,24.625,52606976.0,260263909.7275,1397296128.0,-1.0,4.0,0.0,0.0
2025-04-09 14:25:44,4.0,4.0,0.0,35.5,82.5,0.0,0.0,0.0,0.0,0.0,35.0,35.0,4.0,0.5,0.5,49.5,47.0,0.0,0.0,69.0,69.0,69.0,69.0,8.0,0.0,0.0,0.0,69.0,69.0,69.0,8.0,34.5,0.0,0.0,8.0,4.0,0.0,0.0,0.0,1.5,0.0,0.0,0.0,0.0,24.24375,655744.0,24.625,52606976.0,260263909.7275,1397296128.0,-1.0,4.0,0.0,0.0
2025-04-09 14:25:45,4.0,4.0,0.0,35.5,82.5,0.0,0.0,0.0,0.0,0.0,35.0,35.0,4.0,0.5,0.5,49.5,47.0,0.0,0.0,69.0,69.0,69.0,69.0,8.0,0.0,0.0,0.0,69.0,69.0,69.0,8.0,34.5,0.0,0.0,8.0,4.0,0.0,0.0,0.0,1.5,0.0,0.0,0.0,0.0,24.24375,655744.0,24.625,52606976.0,260263909.7275,1397296128.0,-1.0,4.0,0.0,0.0
2025-04-09 14:25:46,4.0,4.0,0.0,35.5,82.5,0.0,0.0,0.0,0.0,0.0,35.0,35.0,4.0,0.5,0.5,49.5,47.0,0.0,0.0,69.0,69.0,69.0,69.0,8.0,0.0,0.0,0.0,69.0,69.0,69.0,8.0,34.5,0.0,0.0,8.0,4.0,0.0,0.0,0.0,1.5,0.0,0.0,0.0,0.0,24.24375,655744.0,24.625,52606976.0,260263909.7275,1397296128.0,-1.0,4.0,0.0,0.0
2025-04-09 14:25:47,4.0,4.0,0.0,35.5,82.5,0.0,0.0,0.0,0.0,0.0,35.0,35.0,4.0,0.5,0.5,49.5,47.0,0.0,0.0,69.0,69.0,69.0,69.0,8.0,0.0,0.0,0.0,69.0,69.0,69.0,8.0,34.5,0.0,0.0,8.0,4.0,0.0,0.0,0.0,1.5,0.0,0.0,0.0,0.0,24.24375,655744.0,24.625,52606976.0,260263909.7275,1397296128.0,-1.0,4.0,0.0,0.0
2025-04-09 14:25:48,4.0,4.0,0.0,35.5,82.5,0.0,0.0,0.0,0.0,0.0,35.0,35.0,4.0,0.5,0.5,49.5,47.0,0.0,0.0,69.0,69.0,69.0,69.0,8.0,0.0,0.0,0.0,69.0,69.0,69.0,8.0,34.5,0.0,0.0,8.0,4.0,0.0,0.0,0.0,1.5,0.0,0.0,0.0,0.0,24.24375,655744.0,24.625,52606976.0,260263909.7275,1397296128.0,-1.0,4.0,0.0,0.0
2025-04-09 14:25:49,4.0,4.0,0.0,35.5,82.5,0.0,0.0,0.0,0.0,0.0,35.0,35.0,4.0,0.5,0.5,49.5,47.0,0.0,0.0,69.0,69.0,69.0,69.0,8.0,0.0,0.0,0.0,69.0,69.0,69.0,8.0,34.5,0.0,0.0,8.0,4.0,0.0,0.0,0.0,1.5,0.0,0.0,0.0,0.0,24.245,655744.0,24.625,52606976.0,260263909.7275,1397296128.0,-1.0,4.0,0.0,0.0
2025-04-09 14:25:50,4.0,4.0,0.0,35.5,82.5,0.0,0.0,0.0,0.0,0.0,35.0,35.0,4.0,0.5,0.5,49.5,47.0,0.0,0.0,69.0,69.0,69.0,69.0,8.0,0.0,0.0,0.0,69.0,69.0,69.0,8.0,34.5,0.0,0.0,8.0,4.0,0.0,0.0,0.0,1.5,0.0,0.0,0.0,0.0,24.245,655744.0,24.625,52606976.0,260263909.7275,1397296128.0,-1.0,4.0,0.0,0.0
2025-04-09 14:25:51,4.0,4.0,0.0,35.5,82.5,0.0,0.0,0.0,0.0,0.0,35.0,35.0,4.0,0.5,0.5,49.5,47.0,0.0,0.0,69.0,69.0,69.0,69.0,8.0,0.0,0.0,0.0,69.0,69.0,69.0,8.0,34.5,0.0,0.0,8.0,4.0,0.0,0.0,0.0,1.5,0.0,0.0,0.0,0.0,24.245,655744.0,24.625,52606976.0,260263909.7275,1397296128.0,-1.0,4.0,0.0,0.0
2025-04-09 14:25:52,4.0,4.0,0.0,35.5,82.5,0.0,0.0,0.0,0.0,0.0,35.0,35.0,4.0,0.5,0.5,49.5,47.0,0.0,0.0,69.0,69.0,69.0,69.0,8.0,0.0,0.0,0.0,69.0,69.0,69.0,8.0,34.5,0.0,0.0,8.0,4.0,0.0,0.0,0.0,1.5,0.0,0.0,0.0,0.0,24.245,655744.0,24.75,52606976.0,260263909.7275,1397296128.0,-1.0,4.0,0.0,0.0
2025-04-09 14:25:53,4.0,4.0,0.0,35.5,82.5,0.0,0.0,0.0,0.0,0.0,35.0,35.0,4.0,0.5,0.5,49.5,47.0,0.0,0.0,69.0,69.0,69.0,69.0,8.0,0.0,0.0,0.0,69.0,69.0,69.0,8.0,34.5,0.0,0.0,8.0,4.0,0.0,0.0,0.0,1.5,0.0,0.0,0.0,0.0,24.24625,655744.0,24.75,52606976.0,260263909.7275,1397296128.0,-1.0,4.0,0.0,0.0
2025-04-09 14:25:54,4.0,4.0,0.0,35.5,82.5,0.0,0.0,0.0,0.0,0.0,35.0,35.0,4.0,0.5,0.5,49.5,47.0,0.0,0.0,69.0,69.0,69.0,69.0,8.0,0.0,0.0,0.0,69.0,69.0,69.0,8.0,34.5,0.0,0.0,8.0,4.0,0.0,0.0,0.0,1.5,0.0,0.0,0.0,0.0,24.2475,655744.0,24.75,52606976.0,260263909.7275,1397296128.0,-1.0,4.0,0.0,0.0
2025-04-09 14:25:55,4.0,4.0,0.0,35.5,82.5,0.0,0.0,0.0,0.0,0.0,35.0,35.0,4.0,0.5,0.5,49.5,47.0,0.0,0.0,69.0,69.0,69.0,69.0,8.0,0.0,0.0,0.0,69.0,69.0,69.0,8.0,34.5,0.0,0.0,8.0,4.0,0.0,0.0,0.0,1.5,0.0,0.0,0.0,0.0,24.2475,655744.0,24.75,52606976.0,260263909.7275,1397296128.0,-1.0,4.0,0.0,0.0
2025-04-09 14:25:56,4.0,4.0,0.0,35.5,82.5,0.0,0.0,0.0,0.0,0.0,35.0,35.0,4.0,0.5,0.5,49.5,47.0,0.0,0.0,69.0,69.0,69.0,69.0,8.0,0.0,0.0,0.0,69.0,69.0,69.0,8.0,34.5,0.0,0.0,8.0,4.0,0.0,0.0,0.0,1.5,0.0,0.0,0.0,0.0,24.2475,655744.0,24.75,52606976.0,260263909.7275,1397296128.0,-1.0,4.0,0.0,0.0
2025-04-09 14:25:57,4.0,4.0,0.0,35.5,82.5,0.0,0.0,0.0,0.0,0.0,35.0,35.0,4.0,0.5,0.5,49.5,47.0,0.0,0.0,69.0,69.0,69.0,69.0,8.0,0.0,0.0,0.0,69.0,69.0,69.0,8.0,34.5,0.0,0.0,8.0,4.0,0.0,0.0,0.0,1.5,0.0,0.0,0.0,0.0,24.2475,655744.0,24.75,52606976.0,260263909.7275,1397296128.0,-1.0,4.0,0.0,0.0
2025-04-09 14:25:58,4.0,4.0,0.0,35.5,82.5,0.0,0.0,0.0,0.0,0.0,35.0,35.0,4.0,0.5,0.5,49.5,47.0,0.0,0.0,69.0,69.0,69.0,69.0,8.0,0.0,0.0,0.0,69.0,69.0,69.0,8.0,34.5,0.0,0.0,8.0,4.0,0.0,0.0,0.0,1.5,0.0,0.0,0.0,0.0,24.2475,655744.0,24.75,52606976.0,260263909.7275,1397296128.0,-1.0,4.0,0.0,0.0
2025-04-09 14:25:59,4.0,4.0,0.0,35.5,82.5,0.0,0.0,0.0,0.0,0.0,35.0,35.0,4.0,0.5,0.5,49.5,47.0,0.0,0.0,69.0,69.0,69.0,69.0,8.0,0.0,0.0,0.0,69.0,69.0,69.0,8.0,34.5,0.0,0.0,8.0,4.0,0.0,0.0,0.0,1.5,0.0,0.0,0.0,0.0,24.24875,655744.0,24.75,52606976.0,260263909.7275,1397296128.0,-1.0,4.0,0.0,0.0
2025-04-09 14:26:00,4.0,4.0,0.0,35.5,82.5,0.0,0.0,0.0,0.0,0.0,35.0,35.0,4.0,0.5,0.5,49.5,47.0,0.0,0.0,69.0,69.0,69.0,69.0,8.0,0.0,0.0,0.0,69.0,69.0,69.0,8.0,34.5,0.0,0.0,8.0,4.0,0.0,0.0,0.0,1.5,0.0,0.0,0.0,0.0,24.24875,655744.0,24.75,52606976.0,260263909.7275,1397296128.0,-1.0,4.0,0.0,0.0
2025-04-09 14:26:01,4.0,4.0,0.0,35.5,82.5,0.0,0.0,0.0,0.0,0.0,35.0,35.0,4.0,0.5,0.5,49.5,47.0,0.0,0.0,69.0,69.0,69.0,69.0,8.0,0.0,0.0,0.0,69.0,69.0,69.0,8.0,34.5,0.0,0.0,8.0,4.0,0.0,0.0,0.0,1.5,0.0,0.0,0.0,0.0,24.24875,655744.0,24.75,52606976.0,260263909.7275,1397296128.0,-1.0,4.0,0.0,0.0
2025-04-09 14:26:02,4.0,4.0,0.0,35.5,82.5,0.0,0.0,0.0,0.0,0.0,35.0,35.0,4.0,0.5,0.5,49.5,47.0,0.0,0.0,69.0,69.0,69.0,69.0,8.0,0.0,0.0,0.0,69.0,69.0,69.0,8.0,34.5,0.0,0.0,8.0,4.0,0.0,0.0,0.0,1.5,0.0,0.0,0.0,0.0,24.24875,655744.0,24.625,52606976.0,260263909.7275,1397296128.0,-1.0,4.0,0.0,0.0
2025-04-09 14:26:03,4.0,4.0,0.0,35.5,82.5,0.0,0.0,0.0,0.0,0.0,35.0,35.0,4.0,0.5,0.5,49.5,47.0,0.0,0.0,69.0,69.0,69.0,69.0,8.0,0.0,0.0,0.0,69.0,69.0,69.0,8.0,34.5,0.0,0.0,8.0,4.0,0.0,0.0,0.0,1.5,0.0,0.0,0.0,0.0,24.24875,655744.0,24.625,52606976.0,260263909.7275,1397296128.0,-1.0,4.0,0.0,0.0
2025-04-09 14:26:04,4.0,4.0,0.0,35.5,82.5,0.0,0.0,0.0,0.0,0.0,35.0,35.0,4.0,0.5,0.5,49.5,47.0,0.0,0.0,69.0,69.0,69.0,69.0,8.0,0.0,0.0,0.0,69.0,69.0,69.0,8.0,34.5,0.0,0.0,8.0,4.0,0.0,0.0,0.0,1.5,0.0,0.0,0.0,0.0,24.25,655744.0,24.625,52606976.0,260263909.7275,1397296128.0,-1.0,4.0,0.0,0.0
2025-04-09 14:26:05,4.0,4.0,0.0,35.5,82.5,0.0,0.0,0.0,0.0,0.0,35.0,35.0,4.0,0.5,0.5,49.5,47.0,0.0,0.0,69.0,69.0,69.0,69.0,8.0,0.0,0.0,0.0,69.0,69.0,69.0,8.0,34.5,0.0,0.0,8.0,4.0,0.0,0.0,0.0,1.5,0.0,0.0,0.0,0.0,24.25,655744.0,24.625,52606976.0,260263909.7275,1397296128.0,-1.0,4.0,0.0,0.0
2025-04-09 14:26:06,4.0,4.0,0.0,35.5,82.5,0.0,0.0,0.0,0.0,0.0,35.0,35.0,4.0,0.5,0.5,49.5,47.0,0.0,0.0,69.0,69.0,69.0,69.0,8.0,0.0,0.0,0.0,69.0,69.0,69.0,8.0,34.5,0.0,0.0,8.0,4.0,0.0,0.0,0.0,1.5,0.0,0.0,0.0,0.0,24.25,655744.0,24.625,52606976.0,260263909.7275,1397296128.0,-1.0,4.0,0.0,0.0
2025-04-09 14:26:07,4.0,4.0,0.0,35.5,82.5,0.0,0.0,0.0,0.0,0.0,35.0,35.0,4.0,0.5,0.5,49.5,47.0,0.0,0.0,69.0,69.0,69.0,69.0,8.0,0.0,0.0,0.0,69.0,69.0,69.0,8.0,34.5,0.0,0.0,8.0,4.0,0.0,0.0,0.0,1.5,0.0,0.0,0.0,0.0,24.25,655744.0,24.625,52606976.0,260263909.7275,1397296128.0,-1.0,4.0,0.0,0.0
2025-04-09 14:26:08,4.0,4.0,0.0,35.5,82.5,0.0,0.0,0.0,0.0,0.0,35.0,35.0,4.0,0.5,0.5,49.5,47.0,0.0,0.0,69.0,69.0,69.0,69.0,8.0,0.0,0.0,0.0,69.0,69.0,69.0,8.0,34.5,0.0,0.0,8.0,4.0,0.0,0.0,0.0,1.5,0.0,0.0,0.0,0.0,24.25,655744.0,24.625,52606976.0,260263909.7275,1397296128.0,-1.0,4.0,0.0,0.0
2025-04-09 14:26:09,4.0,4.0,0.0,35.5,82.5,0.0,0.0,0.0,0.0,0.0,35.0,35.0,4.0,0.5,0.5,49.5,47.0,0.0,0.0,69.0,69.0,69.0,69.0,8.0,0.0,0.0,0.0,69.0,69.0,69.0,8.0,34.5,0.0,0.0,8.0,4.0,0.0,0.0,0.0,1.5,0.0,0.0,0.0,0.0,24.25,655744.0,24.625,52606976.0,260263909.7275,1397296128.0,-1.0,4.0,0.0,0.0
2025-04-09 14:26:10,4.0,4.0,0.0,35.5,82.5,0.0,0.0,0.0,0.0,0.0,35.0,35.0,4.0,0.5,0.5,49.5,47.0,0.0,0.0,69.0,69.0,69.0,69.0,8.0,0.0,0.0,0.0,69.0,69.0,69.0,8.0,34.5,0.0,0.0,8.0,4.0,0.0,0.0,0.0,1.5,0.0,0.0,0.0,0.0,24.25125,655744.0,24.625,52606976.0,260263909.7275,1397296128.0,-1.0,4.0,0.0,0.0
2025-04-09 14:26:11,4.0,4.0,0.0,35.5,82.5,0.0,0.0,0.0,0.0,0.0,35.0,35.0,4.0,0.5,0.5,49.5,47.0,0.0,0.0,69.0,69.0,69.0,69.0,8.0,0.0,0.0,0.0,69.0,69.0,69.0,8.0,34.5,0.0,0.0,8.0,4.0,0.0,0.0,0.0,1.5,0.0,0.0,0.0,0.0,24.25125,655744.0,24.625,52606976.0,260263909.7275,1397296128.0,-1.0,4.0,0.0,0.0
2025-04-09 14:26:12,4.0,4.0,0.0,35.5,82.5,0.0,0.0,0.0,0.0,0.0,35.0,35.0,4.0,0.5,0.5,49.5,47.0,0.0,0.0,69.0,69.0,69.0,69.0,8.0,0.0,0.0,0.0,69.0,69.0,69.0,8.0,34.5,0.0,0.0,8.0,4.0,0.0,0.0,0.0,1.5,0.0,0.0,0.0,0.0,24.25125,655744.0,24.625,52606976.0,260263909.7275,1397296128.0,-1.0,4.0,0.0,0.0
2025-04-09 14:26:13,4.0,4.0,0.0,35.5,82.5,0.0,0.0,0.0,0.0,0.0,35.0,35.0,4.0,0.5,0.5,49.5,47.0,0.0,0.0,69.0,69.0,69.0,69.0,8.0,0.0,0.0,0.0,69.0,69.0,69.0,8.0,34.5,0.0,0.0,8.0,4.0,0.0,0.0,0.0,1.5,0.0,0.0,0.0,0.0,24.2525,655744.0,24.625,52606976.0,260263909.7275,1397296128.0,-1.0,4.0,0.0,0.0
2025-04-09 14:26:14,4.0,4.0,0.0,35.5,82.5,0.0,0.0,0.0,0.0,0.0,35.0,35.0,4.0,0.5,0.5,49.5,47.0,0.0,0.0,69.0,69.0,69.0,69.0,8.0,0.0,0.0,0.0,69.0,69.0,69.0,8.0,34.5,0.0,0.0,8.0,4.0,0.0,0.0,0.0,1.5,0.0,0.0,0.0,0.0,24.2525,655744.0,24.625,52606976.0,260263909.7275,1397296128.0,-1.0,4.0,0.0,0.0
2025-04-09 14:26:15,4.0,4.0,0.0,35.5,82.5,0.0,0.0,0.0,0.0,0.0,35.0,35.0,4.0,0.5,0.5,49.5,47.0,0.0,0.0,69.0,69.0,69.0,69.0,8.0,0.0,0.0,0.0,69.0,69.0,69.0,8.0,34.5,0.0,0.0,8.0,4.0,0.0,0.0,0.0,1.5,0.0,0.0,0.0,0.0,24.2525,655744.0,24.625,52606976.0,260263909.7275,1397296128.0,-1.0,4.0,0.0,0.0
2025-04-09 14:26:16,4.0,4.0,0.0,35.5,82.5,0.0,0.0,0.0,0.0,0.0,35.0,35.0,4.0,0.5,0.5,49.5,47.0,0.0,0.0,69.0,69.0,69.0,69.0,8.0,0.0,0.0,0.0,69.0,69.0,69.0,8.0,34.5,0.0,0.0,8.0,4.0,0.0,0.0,0.0,1.5,0.0,0.0,0.0,0.0,24.25375,655744.0,24.625,52606976.0,260263909.7275,1397296128.0,-1.0,4.0,0.0,0.0
2025-04-09 14:26:17,4.0,4.0,0.0,35.5,82.5,0.0,0.0,0.0,0.0,0.0,35.0,35.0,4.0,0.5,0.5,49.5,47.0,0.0,0.0,69.0,69.0,69.0,69.0,8.0,0.0,0.0,0.0,69.0,69.0,69.0,8.0,34.5,0.0,0.0,8.0,4.0,0.0,0.0,0.0,1.5,0.0,0.0,0.0,0.0,24.25375,655744.0,24.625,52606976.0,260263909.7275,1397296128.0,-1.0,4.0,0.0,0.0
2025-04-09 14:26:18,4.0,4.0,0.0,35.5,82.5,0.0,0.0,0.0,0.0,0.0,35.0,35.0,4.0,0.5,0.5,49.5,47.0,0.0,0.0,69.0,69.0,69.0,69.0,8.0,0.0,0.0,0.0,69.0,69.0,69.0,8.0,34.5,0.0,0.0,8.0,4.0,0.0,0.0,0.0,1.5,0.0,0.0,0.0,0.0,24.25375,655744.0,24.625,52606976.0,260263909.7275,1397296128.0,-1.0,4.0,0.0,0.0
2025-04-09 14:26:19,4.0,4.0,0.0,35.5,82.5,0.0,0.0,0.0,0.0,0.0,35.0,35.0,4.0,0.5,0.5,49.5,47.0,0.0,0.0,69.0,69.0,69.0,69.0,8.0,0.0,0.0,0.0,69.0,69.0,69.0,8.0,34.5,0.0,0.0,8.0,4.0,0.0,0.0,0.0,1.5,0.0,0.0,0.0,0.0,24.25375,655744.0,24.625,52606976.0,260263909.7275,1397296128.0,-1.0,4.0,0.0,0.0
2025-04-09 14:26:20,4.0,4.0,0.0,35.5,82.5,0.0,0.0,0.0,0.0,0.0,35.0,35.0,4.0,0.5,0.5,49.5,47.0,0.0,0.0,69.0,69.0,69.0,69.0,8.0,0.0,0.0,0.0,69.0,69.0,69.0,8.0,34.5,0.0,0.0,8.0,4.0,0.0,0.0,0.0,1.5,0.0,0.0,0.0,0.0,24.25375,655744.0,24.625,52623360.0,260263909.7275,1397296128.0,-1.0,4.0,0.0,0.0
2025-04-09 14:26:21,4.0,4.0,0.0,35.5,82.5,0.0,0.0,0.0,0.0,0.0,35.0,35.0,4.0,0.5,0.5,49.5,47.0,0.0,0.0,69.0,69.0,69.0,69.0,8.0,0.0,0.0,0.0,69.0,69.0,69.0,8.0,34.5,0.0,0.0,8.0,4.0,0.0,0.0,0.0,1.5,0.0,0.0,0.0,0.0,24.25375,655744.0,24.625,52623360.0,260263909.7275,1397296128.0,-1.0,4.0,0.0,0.0
2025-04-09 14:26:22,4.0,4.0,0.0,35.5,82.5,0.0,0.0,0.0,0.0,0.0,35.0,35.0,4.0,0.5,0.5,49.5,47.0,0.0,0.0,69.0,69.0,69.0,69.0,8.0,0.0,0.0,0.0,69.0,69.0,69.0,8.0,34.5,0.0,0.0,8.0,4.0,0.0,0.0,0.0,1.5,0.0,0.0,0.0,0.0,24.25375,655744.0,24.625,52623360.0,260263909.7275,1397296128.0,-1.0,4.0,0.0,0.0
2025-04-09 14:26:23,4.0,4.0,0.0,35.5,82.5,0.0,0.0,0.0,0.0,0.0,35.0,35.0,4.0,0.5,0.5,49.5,47.0,0.0,0.0,69.0,69.0,69.0,69.0,8.0,0.0,0.0,0.0,69.0,69.0,69.0,8.0,34.5,0.0,0.0,8.0,4.0,0.0,0.0,0.0,1.5,0.0,0.0,0.0,0.0,24.255,655744.0,24.625,52623360.0,260263909.7275,1397296128.0,-1.0,4.0,0.0,0.0
2025-04-09 14:26:24,4.0,4.0,0.0,35.5,82.5,0.0,0.0,0.0,0.0,0.0,35.0,35.0,4.0,0.5,0.5,49.5,47.0,0.0,0.0,69.0,69.0,69.0,69.0,8.0,0.0,0.0,0.0,69.0,69.0,69.0,8.0,69.0,0.0,0.0,8.0,8.0,0.0,0.0,0.0,1.5,0.0,0.0,0.0,0.0,26.292857142857144,749275.4285714285,26.428571428571427,54269074.28571428,289916493.4028571,1543586377.142857,-1.0,4.0,0.0,0.0
2025-04-09 14:26:25,4.0,4.0,0.0,35.5,82.5,0.0,0.0,0.0,0.0,0.0,35.0,35.0,4.0,0.5,0.5,49.5,47.0,0.0,0.0,69.0,69.0,69.0,69.0,8.0,0.0,0.0,0.0,69.0,69.0,69.0,8.0,34.5,0.0,0.0,8.0,4.0,0.0,0.0,0.0,1.5,0.0,0.0,0.0,0.0,24.25625,655744.0,24.75,52623360.0,260263909.7275,1397296128.0,-1.0,4.0,0.0,0.0
2025-04-09 14:26:26,4.0,4.0,0.0,35.5,82.5,0.0,0.0,0.0,0.0,0.0,35.0,35.0,4.0,0.5,0.5,49.5,47.0,0.0,0.0,69.0,69.0,69.0,69.0,8.0,0.0,0.0,0.0,69.0,69.0,69.0,8.0,34.5,0.0,0.0,8.0,4.0,0.0,0.0,0.0,1.5,0.0,0.0,0.0,0.0,24.25625,655744.0,24.625,52623360.0,260263909.7275,1397296128.0,-1.0,4.0,0.0,0.0
2025-04-09 14:26:27,4.0,4.0,0.0,35.5,82.5,0.0,0.0,0.0,0.0,0.0,35.0,35.0,4.0,0.5,0.5,49.5,47.0,0.0,0.0,69.0,69.0,69.0,69.0,8.0,0.0,0.0,0.0,69.0,69.0,69.0,8.0,34.5,0.0,0.0,8.0,4.0,0.0,0.0,0.0,1.5,0.0,0.0,0.0,0.0,24.25625,655744.0,24.625,52623360.0,260263909.7275,1397296128.0,-1.0,4.0,0.0,0.0
2025-04-09 14:26:28,4.0,4.0,0.0,35.5,82.5,0.0,0.0,0.0,0.0,0.0,35.0,35.0,4.0,0.5,0.5,49.5,47.0,0.0,0.0,69.0,69.0,69.0,69.0,8.0,0.0,0.0,0.0,69.0,69.0,69.0,8.0,34.5,0.0,0.0,8.0,4.0,0.0,0.0,0.0,1.5,0.0,0.0,0.0,0.0,24.25625,655744.0,24.625,52623360.0,260263909.7275,1397296128.0,-1.0,4.0,0.0,0.0
2025-04-09 14:26:29,4.0,4.0,0.0,35.5,82.5,0.0,0.0,0.0,0.0,0.0,35.0,35.0,4.0,0.5,0.5,49.5,47.0,0.0,0.0,69.0,69.0,69.0,69.0,8.0,0.0,0.0,0.0,69.0,69.0,69.0,8.0,34.5,0.0,0.0,8.0,4.0,0.0,0.0,0.0,1.5,0.0,0.0,0.0,0.0,24.25625,655744.0,24.625,52623360.0,260263909.7275,1397296128.0,-1.0,4.0,0.0,0.0
2025-04-09 14:26:30,4.0,4.0,0.0,35.5,82.5,0.0,0.0,0.0,0.0,0.0,35.0,35.0,4.0,0.5,0.5,49.5,47.0,0.0,0.0,69.0,69.0,69.0,69.0,8.0,0.0,0.0,0.0,69.0,69.0,69.0,8.0,34.5,0.0,0.0,8.0,4.0,0.0,0.0,0.0,1.5,0.0,0.0,0.0,0.0,24.2575,655744.0,24.625,52623360.0,260263909.7275,1397296128.0,-1.0,4.0,0.0,0.0
2025-04-09 14:26:31,4.0,4.0,0.0,35.5,82.5,0.0,0.0,0.0,0.0,0.0,35.0,35.0,4.0,0.5,0.5,49.5,47.0,0.0,0.0,69.0,69.0,69.0,69.0,8.0,0.0,0.0,0.0,69.0,69.0,69.0,8.0,34.5,0.0,0.0,8.0,4.0,0.0,0.0,0.0,1.5,0.0,0.0,0.0,0.0,24.2575,655744.0,24.625,52623360.0,260263909.7275,1397296128.0,-1.0,4.0,0.0,0.0
2025-04-09 14:26:32,4.0,4.0,0.0,35.5,82.5,0.0,0.0,0.0,0.0,0.0,35.0,35.0,4.0,0.5,0.5,49.5,47.0,0.0,0.0,69.0,69.0,69.0,69.0,8.0,0.0,0.0,0.0,69.0,69.0,69.0,8.0,34.5,0.0,0.0,8.0,4.0,0.0,0.0,0.0,1.5,0.0,0.0,0.0,0.0,24.25875,655744.0,24.625,52623360.0,260263909.7275,1397296128.0,-1.0,4.0,0.0,0.0
2025-04-09 14:26:33,4.0,4.0,0.0,35.5,82.5,0.0,0.0,0.0,0.0,0.0,35.0,35.0,4.0,0.5,0.5,49.5,47.0,0.0,0.0,69.0,69.0,69.0,69.0,8.0,0.0,0.0,0.0,69.0,69.0,69.0,8.0,34.5,0.0,0.0,8.0,4.0,0.0,0.0,0.0,1.5,0.0,0.0,0.0,0.0,24.25875,655744.0,24.75,52623360.0,260263909.7275,1397296128.0,-1.0,4.0,0.0,0.0
2025-04-09 14:26:34,4.0,4.0,0.0,35.5,82.5,0.0,0.0,0.0,0.0,0.0,35.0,35.0,4.0,0.5,0.5,49.5,47.0,0.0,0.0,69.0,69.0,69.0,69.0,8.0,0.0,0.0,0.0,69.0,69.0,69.0,8.0,34.5,0.0,0.0,8.0,4.0,0.0,0.0,0.0,1.5,0.0,0.0,0.0,0.0,24.25875,655744.0,24.75,52623360.0,260263909.7275,1397296128.0,-1.0,4.0,0.0,0.0
2025-04-09 14:26:35,4.0,4.0,0.0,35.5,82.5,0.0,0.0,0.0,0.0,0.0,35.0,35.0,4.0,0.5,0.5,49.5,47.0,0.0,0.0,69.0,69.0,69.0,69.0,8.0,0.0,0.0,0.0,69.0,69.0,69.0,8.0,34.5,0.0,0.0,8.0,4.0,0.0,0.0,0.0,1.5,0.0,0.0,0.0,0.0,24.25875,655744.0,24.75,52623360.0,260263909.7275,1397296128.0,-1.0,4.0,0.0,0.0
2025-04-09 14:26:36,4.0,4.0,0.0,35.5,82.5,0.0,0.0,0.0,0.0,0.0,35.0,35.0,4.0,0.5,0.5,49.5,47.0,0.0,0.0,69.0,69.0,69.0,69.0,8.0,0.0,0.0,0.0,69.0,69.0,69.0,8.0,34.5,0.0,0.0,8.0,4.0,0.0,0.0,0.0,1.5,0.0,0.0,0.0,0.0,24.25875,655744.0,24.75,52623360.0,260263909.7275,1397296128.0,-1.0,4.0,0.0,0.0
2025-04-09 14:26:37,4.0,4.0,0.0,35.5,82.5,0.0,0.0,0.0,0.0,0.0,35.0,35.0,4.0,0.5,0.5,49.5,47.0,0.0,0.0,69.0,69.0,69.0,69.0,8.0,0.0,0.0,0.0,69.0,69.0,69.0,8.0,34.5,0.0,0.0,8.0,4.0,0.0,0.0,0.0,1.5,0.0,0.0,0.0,0.0,24.25875,655744.0,24.75,52623360.0,260263909.7275,1397296128.0,-1.0,4.0,0.0,0.0
2025-04-09 14:26:38,4.0,4.0,0.0,35.5,82.5,0.0,0.0,0.0,0.0,0.0,35.0,35.0,4.0,0.5,0.5,49.5,47.0,0.0,0.0,69.0,69.0,69.0,69.0,8.0,0.0,0.0,0.0,69.0,69.0,69.0,8.0,34.5,0.0,0.0,8.0,4.0,0.0,0.0,0.0,1.5,0.0,0.0,0.0,0.0,24.259999999999998,655744.0,24.75,52623360.0,260263909.7275,1397296128.0,-1.0,4.0,0.0,0.0
2025-04-09 14:26:39,4.0,4.0,0.0,35.5,82.5,0.0,0.0,0.0,0.0,0.0,35.0,35.0,4.0,0.5,0.5,49.5,47.0,0.0,0.0,69.0,69.0,69.0,69.0,8.0,0.0,0.0,0.0,69.0,69.0,69.0,8.0,34.5,0.0,0.0,8.0,4.0,0.0,0.0,0.0,1.5,0.0,0.0,0.0,0.0,24.259999999999998,655744.0,24.75,52623360.0,260263909.7275,1397296128.0,-1.0,4.0,0.0,0.0
2025-04-09 14:26:40,4.0,4.0,0.0,35.5,82.5,0.0,0.0,0.0,0.0,0.0,35.0,35.0,4.0,0.5,0.5,49.5,47.0,0.0,0.0,69.0,69.0,69.0,69.0,8.0,0.0,0.0,0.0,69.0,69.0,69.0,8.0,34.5,0.0,0.0,8.0,4.0,0.0,0.0,0.0,1.5,0.0,0.0,0.0,0.0,24.259999999999998,655744.0,24.75,52623360.0,260263909.7275,1397296128.0,-1.0,4.0,0.0,0.0
2025-04-09 14:26:41,4.0,4.0,0.0,35.5,82.5,0.0,0.0,0.0,0.0,0.0,35.0,35.0,4.0,0.5,0.5,49.5,47.0,0.0,0.0,69.0,69.0,69.0,69.0,8.0,0.0,0.0,0.0,69.0,69.0,69.0,8.0,34.5,0.0,0.0,8.0,4.0,0.0,0.0,0.0,1.5,0.0,0.0,0.0,0.0,24.259999999999998,655744.0,24.75,52623360.0,260263909.7275,1397296128.0,-1.0,4.0,0.0,0.0
2025-04-09 14:26:42,4.0,4.0,0.0,35.5,82.5,0.0,0.0,0.0,0.0,0.0,35.0,35.0,4.0,0.5,0.5,49.5,47.0,0.0,0.0,69.0,69.0,69.0,69.0,8.0,0.0,0.0,0.0,69.0,69.0,69.0,8.0,34.5,0.0,0.0,8.0,4.0,0.0,0.0,0.0,1.5,0.0,0.0,0.0,0.0,24.259999999999998,655744.0,24.75,52623360.0,260263909.7275,1397296128.0,-1.0,4.0,0.0,0.0
2025-04-09 14:26:43,4.0,4.0,0.0,35.5,82.5,0.0,0.0,0.0,0.0,0.0,35.0,35.0,4.0,0.5,0.5,49.5,47.0,0.0,0.0,69.0,69.0,69.0,69.0,8.0,0.0,0.0,0.0,69.0,69.0,69.0,8.0,34.5,0.0,0.0,8.0,4.0,0.0,0.0,0.0,1.5,0.0,0.0,0.0,0.0,24.26125,655744.0,24.625,52623360.0,260263909.7275,1397296128.0,-1.0,4.0,0.0,0.0
2025-04-09 14:26:44,4.0,4.0,0.0,35.5,82.5,0.0,0.0,0.0,0.0,0.0,35.0,35.0,4.0,0.5,0.5,49.5,47.0,0.0,0.0,69.0,69.0,69.0,69.0,8.0,0.0,0.0,0.0,69.0,69.0,69.0,8.0,34.5,0.0,0.0,8.0,4.0,0.0,0.0,0.0,1.5,0.0,0.0,0.0,0.0,24.26125,655744.0,24.625,52623360.0,260263909.7275,1397296128.0,-1.0,4.0,0.0,0.0
2025-04-09 14:26:45,4.0,4.0,0.0,35.5,82.5,0.0,0.0,0.0,0.0,0.0,35.0,35.0,4.0,0.5,0.5,49.5,47.0,0.0,0.0,69.0,69.0,69.0,69.0,8.0,0.0,0.0,0.0,69.0,69.0,69.0,8.0,34.5,0.0,0.0,8.0,4.0,0.0,0.0,0.0,1.5,0.0,0.0,0.0,0.0,24.26125,655744.0,24.625,52623360.0,260263909.7275,1397296128.0,-1.0,4.0,0.0,0.0
2025-04-09 14:26:46,4.0,4.0,0.0,35.5,82.5,0.0,0.0,0.0,0.0,0.0,35.0,35.0,4.0,0.5,0.5,49.5,47.0,0.0,0.0,69.0,69.0,69.0,69.0,8.0,0.0,0.0,0.0,69.0,69.0,69.0,8.0,34.5,0.0,0.0,8.0,4.0,0.0,0.0,0.0,1.5,0.0,0.0,0.0,0.0,24.26125,655744.0,24.625,52623360.0,260263909.7275,1397296128.0,-1.0,4.0,0.0,0.0
2025-04-09 14:26:47,4.0,4.0,0.0,35.5,82.5,0.0,0.0,0.0,0.0,0.0,35.0,35.0,4.0,0.5,0.5,49.5,47.0,0.0,0.0,69.0,69.0,69.0,69.0,8.0,0.0,0.0,0.0,69.0,69.0,69.0,8.0,34.5,0.0,0.0,8.0,4.0,0.0,0.0,0.0,1.5,0.0,0.0,0.0,0.0,24.26125,655744.0,24.625,52623360.0,260263909.7275,1397296128.0,-1.0,4.0,0.0,0.0
2025-04-09 14:26:48,4.0,4.0,0.0,35.5,82.5,0.0,0.0,0.0,0.0,0.0,35.0,35.0,4.0,0.5,0.5,49.5,47.0,0.0,0.0,69.0,69.0,69.0,69.0,8.0,0.0,0.0,0.0,69.0,69.0,69.0,8.0,34.5,0.0,0.0,8.0,4.0,0.0,0.0,0.0,1.5,0.0,0.0,0.0,0.0,24.2625,655744.0,24.625,52623360.0,260263909.7275,1397296128.0,-1.0,4.0,0.0,0.0
2025-04-09 14:26:49,4.0,4.0,0.0,35.5,82.5,0.0,0.0,0.0,0.0,0.0,35.0,35.0,4.0,0.5,0.5,49.5,47.0,0.0,0.0,69.0,69.0,69.0,69.0,8.0,0.0,0.0,0.0,69.0,69.0,69.0,8.0,34.5,0.0,0.0,8.0,4.0,0.0,0.0,0.0,1.5,0.0,0.0,0.0,0.0,24.2625,655744.0,24.625,52623360.0,260263909.7275,1397296128.0,-1.0,4.0,0.0,0.0
2025-04-09 14:26:50,4.0,4.0,0.0,35.5,82.5,0.0,0.0,0.0,0.0,0.0,35.0,35.0,4.0,0.5,0.5,49.5,47.0,0.0,0.0,69.0,69.0,69.0,69.0,8.0,0.0,0.0,0.0,69.0,69.0,69.0,8.0,34.5,0.0,0.0,8.0,4.0,0.0,0.0,0.0,1.5,0.0,0.0,0.0,0.0,24.26375,655744.0,24.625,52623360.0,260263909.7275,1397296128.0,-1.0,4.0,0.0,0.0
2025-04-09 14:26:51,4.0,4.0,0.0,35.5,82.5,0.0,0.0,0.0,0.0,0.0,35.0,35.0,4.0,0.5,0.5,49.5,47.0,0.0,0.0,69.0,69.0,69.0,69.0,8.0,0.0,0.0,0.0,69.0,69.0,69.0,8.0,34.5,0.0,0.0,8.0,4.0,0.0,0.0,0.0,1.5,0.0,0.0,0.0,0.0,24.26375,655744.0,24.625,52623360.0,260263909.7275,1397296128.0,-1.0,4.0,0.0,0.0
2025-04-09 14:26:52,4.0,4.0,0.0,35.5,82.5,0.0,0.0,0.0,0.0,0.0,35.0,35.0,4.0,0.5,0.5,49.5,47.0,0.0,0.0,69.0,69.0,69.0,69.0,8.0,0.0,0.0,0.0,69.0,69.0,69.0,8.0,34.5,0.0,0.0,8.0,4.0,0.0,0.0,0.0,1.5,0.0,0.0,0.0,0.0,24.265,655744.0,24.625,52623360.0,260263909.7275,1397296128.0,-1.0,4.0,0.0,0.0
2025-04-09 14:26:53,4.0,4.0,0.0,35.5,82.5,0.0,0.0,0.0,0.0,0.0,35.0,35.0,4.0,0.5,0.5,49.5,47.0,0.0,0.0,69.0,69.0,69.0,69.0,8.0,0.0,0.0,0.0,69.0,69.0,69.0,8.0,34.5,0.0,0.0,8.0,4.0,0.0,0.0,0.0,1.5,0.0,0.0,0.0,0.0,24.265,655744.0,24.625,52623360.0,260263909.7275,1397296128.0,-1.0,4.0,0.0,0.0
2025-04-09 14:26:54,4.0,4.0,0.0,35.5,82.5,0.0,0.0,0.0,0.0,0.0,35.0,35.0,4.0,0.5,0.5,49.5,47.0,0.0,0.0,69.0,69.0,69.0,69.0,8.0,0.0,0.0,0.0,69.0,69.0,69.0,8.0,34.5,0.0,0.0,8.0,4.0,0.0,0.0,0.0,1.5,0.0,0.0,0.0,0.0,24.265,655744.0,24.625,52623360.0,260263909.7275,1397296128.0,-1.0,4.0,0.0,0.0
2025-04-09 14:26:55,4.0,4.0,0.0,35.5,82.5,0.0,0.0,0.0,0.0,0.0,35.0,35.0,4.0,0.5,0.5,49.5,47.0,0.0,0.0,69.0,69.0,69.0,69.0,8.0,0.0,0.0,0.0,69.0,69.0,69.0,8.0,34.5,0.0,0.0,8.0,4.0,0.0,0.0,0.0,1.5,0.0,0.0,0.0,0.0,24.265,655744.0,24.625,52623360.0,260263909.7275,1397296128.0,-1.0,4.0,0.0,0.0
2025-04-09 14:26:56,4.0,4.0,0.0,35.5,82.5,0.0,0.0,0.0,0.0,0.0,35.0,35.0,4.0,0.5,0.5,49.5,47.0,0.0,0.0,69.0,69.0,69.0,69.0,8.0,0.0,0.0,0.0,69.0,69.0,69.0,8.0,34.5,0.0,0.0,8.0,4.0,0.0,0.0,0.0,1.5,0.0,0.0,0.0,0.0,24.265,655744.0,24.625,52623360.0,260263909.7275,1397296128.0,-1.0,4.0,0.0,0.0
2025-04-09 14:26:57,4.0,4.0,0.0,35.5,82.5,0.0,0.0,0.0,0.0,0.0,35.0,35.0,4.0,0.5,0.5,49.5,47.0,0.0,0.0,69.0,69.0,69.0,69.0,8.0,0.0,0.0,0.0,69.0,69.0,69.0,8.0,34.5,0.0,0.0,8.0,4.0,0.0,0.0,0.0,1.5,0.0,0.0,0.0,0.0,24.26625,655744.0,24.625,52623360.0,260263909.7275,1397296128.0,-1.0,4.0,0.0,0.0
2025-04-09 14:26:58,4.0,4.0,0.0,35.5,82.5,0.0,0.0,0.0,0.0,0.0,35.0,35.0,4.0,0.5,0.5,49.5,47.0,0.0,0.0,69.0,69.0,69.0,69.0,8.0,0.0,0.0,0.0,69.0,69.0,69.0,8.0,34.5,0.0,0.0,8.0,4.0,0.0,0.0,0.0,1.5,0.0,0.0,0.0,0.0,24.26625,655744.0,24.625,52623360.0,260263909.7275,1397296128.0,-1.0,4.0,0.0,0.0
2025-04-09 14:26:59,4.0,4.0,0.0,35.5,82.5,0.0,0.0,0.0,0.0,0.0,35.0,35.0,4.0,0.5,0.5,49.5,47.0,0.0,0.0,69.0,69.0,69.0,69.0,8.0,0.0,0.0,0.0,69.0,69.0,69.0,8.0,34.5,0.0,0.0,8.0,4.0,0.0,0.0,0.0,1.5,0.0,0.0,0.0,0.0,24.26625,655744.0,24.625,52623360.0,260263909.7275,1397296128.0,-1.0,4.0,0.0,0.0
2025-04-09 14:27:00,4.0,4.0,0.0,35.5,82.5,0.0,0.0,0.0,0.0,0.0,35.0,35.0,4.0,0.5,0.5,49.5,47.0,0.0,0.0,69.0,69.0,69.0,69.0,8.0,0.0,0.0,0.0,69.0,69.0,69.0,8.0,34.5,0.0,0.0,8.0,4.0,0.0,0.0,0.0,1.5,0.0,0.0,0.0,0.0,24.26625,655744.0,24.625,52623360.0,260263909.7275,1397296128.0,-1.0,4.0,0.0,0.0
2025-04-09 14:27:01,4.0,4.0,0.0,35.5,82.5,0.0,0.0,0.0,0.0,0.0,35.0,35.0,4.0,0.5,0.5,49.5,47.0,0.0,0.0,69.0,69.0,69.0,69.0,8.0,0.0,0.0,0.0,69.0,69.0,69.0,8.0,34.5,0.0,0.0,8.0,4.0,0.0,0.0,0.0,1.5,0.0,0.0,0.0,0.0,24.26625,655744.0,24.625,52623360.0,260263909.7275,1397296128.0,-1.0,4.0,0.0,0.0
2025-04-09 14:27:02,4.0,4.0,0.0,35.5,82.5,0.0,0.0,0.0,0.0,0.0,35.0,35.0,4.0,0.5,0.5,49.5,47.0,0.0,0.0,69.0,69.0,69.0,69.0,8.0,0.0,0.0,0.0,69.0,69.0,69.0,8.0,34.5,0.0,0.0,8.0,4.0,0.0,0.0,0.0,1.5,0.0,0.0,0.0,0.0,24.2675,655744.0,24.625,52623360.0,260263909.7275,1397296128.0,-1.0,4.0,0.0,0.0
2025-04-09 14:27:03,4.0,4.0,0.0,35.5,82.5,0.0,0.0,0.0,0.0,0.0,35.0,35.0,4.0,0.5,0.5,49.5,47.0,0.0,0.0,69.0,69.0,69.0,69.0,8.0,0.0,0.0,0.0,69.0,69.0,69.0,8.0,34.5,0.0,0.0,8.0,4.0,0.0,0.0,0.0,1.5,0.0,0.0,0.0,0.0,24.2675,655744.0,24.625,52623360.0,260263909.7275,1397296128.0,-1.0,4.0,0.0,0.0
2025-04-09 14:27:04,4.0,4.0,0.0,35.5,82.5,0.0,0.0,0.0,0.0,0.0,35.0,35.0,4.0,0.5,0.5,49.5,47.0,0.0,0.0,69.0,69.0,69.0,69.0,8.0,0.0,0.0,0.0,69.0,69.0,69.0,8.0,34.5,0.0,0.0,8.0,4.0,0.0,0.0,0.0,1.5,0.0,0.0,0.0,0.0,24.26875,655744.0,24.625,52623360.0,260263909.7275,1397296128.0,-1.0,4.0,0.0,0.0
2025-04-09 14:27:05,4.0,4.0,0.0,35.5,82.5,0.0,0.0,0.0,0.0,0.0,35.0,35.0,4.0,0.5,0.5,49.5,47.0,0.0,0.0,69.0,69.0,69.0,69.0,8.0,0.0,0.0,0.0,69.0,69.0,69.0,8.0,34.5,0.0,0.0,8.0,4.0,0.0,0.0,0.0,1.5,0.0,0.0,0.0,0.0,24.26875,655744.0,24.625,52623360.0,260263909.7275,1397296128.0,-1.0,4.0,0.0,0.0
2025-04-09 14:27:06,4.0,4.0,0.0,35.5,82.5,0.0,0.0,0.0,0.0,0.0,35.0,35.0,4.0,0.5,0.5,49.5,47.0,0.0,0.0,69.0,69.0,69.0,69.0,8.0,0.0,0.0,0.0,69.0,69.0,69.0,8.0,34.5,0.0,0.0,8.0,4.0,0.0,0.0,0.0,1.5,0.0,0.0,0.0,0.0,24.26875,655744.0,24.625,52623360.0,260263909.7275,1397296128.0,-1.0,4.0,0.0,0.0
2025-04-09 14:27:07,4.0,4.0,0.0,35.5,82.5,0.0,0.0,0.0,0.0,0.0,35.0,35.0,4.0,0.5,0.5,49.5,47.0,0.0,0.0,69.0,69.0,69.0,69.0,8.0,0.0,0.0,0.0,69.0,69.0,69.0,8.0,34.5,0.0,0.0,8.0,4.0,0.0,0.0,0.0,1.5,0.0,0.0,0.0,0.0,24.26875,655744.0,24.625,52623360.0,260263909.7275,1397296128.0,-1.0,4.0,0.0,0.0
2025-04-09 14:27:08,4.0,4.0,0.0,35.5,82.5,0.0,0.0,0.0,0.0,0.0,35.0,35.0,4.0,0.5,0.5,49.5,47.0,0.0,0.0,69.0,69.0,69.0,69.0,8.0,0.0,0.0,0.0,69.0,69.0,69.0,8.0,34.5,0.0,0.0,8.0,4.0,0.0,0.0,0.0,1.5,0.0,0.0,0.0,0.0,24.26875,655744.0,24.625,52623360.0,260263909.7275,1397296128.0,-1.0,4.0,0.0,0.0
2025-04-09 14:27:09,4.0,4.0,0.0,35.5,82.5,0.0,0.0,0.0,0.0,0.0,35.0,35.0,4.0,0.5,0.5,49.5,47.0,0.0,0.0,69.0,69.0,69.0,69.0,8.0,0.0,0.0,0.0,69.0,69.0,69.0,8.0,34.5,0.0,0.0,8.0,4.0,0.0,0.0,0.0,1.5,0.0,0.0,0.0,0.0,24.27,655744.0,24.625,52623360.0,260263909.7275,1397296128.0,-1.0,4.0,0.0,0.0
2025-04-09 14:27:10,4.0,4.0,0.0,35.5,82.5,0.0,0.0,0.0,0.0,0.0,35.0,35.0,4.0,0.5,0.5,49.5,47.0,0.0,0.0,69.0,69.0,69.0,69.0,8.0,0.0,0.0,0.0,69.0,69.0,69.0,8.0,34.5,0.0,0.0,8.0,4.0,0.0,0.0,0.0,1.5,0.0,0.0,0.0,0.0,24.27,655744.0,24.625,52623360.0,260263909.7275,1397296128.0,-1.0,4.0,0.0,0.0
2025-04-09 14:27:11,4.0,4.0,0.0,35.5,82.5,0.0,0.0,0.0,0.0,0.0,35.0,35.0,4.0,0.5,0.5,49.5,47.0,0.0,0.0,69.0,69.0,69.0,69.0,8.0,0.0,0.0,0.0,69.0,69.0,69.0,8.0,34.5,0.0,0.0,8.0,4.0,0.0,0.0,0.0,1.5,0.0,0.0,0.0,0.0,24.27,655744.0,24.625,52623360.0,260263909.7275,1397296128.0,-1.0,4.0,0.0,0.0
2025-04-09 14:27:12,4.0,4.0,0.0,35.5,82.5,0.0,0.0,0.0,0.0,0.0,35.0,35.0,4.0,0.5,0.5,49.5,47.0,0.0,0.0,69.0,69.0,69.0,69.0,8.0,0.0,0.0,0.0,69.0,69.0,69.0,8.0,34.5,0.0,0.0,8.0,4.0,0.0,0.0,0.0,1.5,0.0,0.0,0.0,0.0,24.27,655744.0,24.625,52623360.0,260263909.7275,1397296128.0,-1.0,4.0,0.0,0.0
2025-04-09 14:27:13,4.0,4.0,0.0,35.5,82.5,0.0,0.0,0.0,0.0,0.0,35.0,35.0,4.0,0.5,0.5,49.5,47.0,0.0,0.0,69.0,69.0,69.0,69.0,8.0,0.0,0.0,0.0,69.0,69.0,69.0,8.0,34.5,0.0,0.0,8.0,4.0,0.0,0.0,0.0,1.5,0.0,0.0,0.0,0.0,24.271250000000002,655744.0,24.375,52623360.0,260263909.7275,1397296128.0,-1.0,4.0,0.0,0.0
2025-04-09 14:27:14,4.0,4.0,0.0,35.5,82.5,0.0,0.0,0.0,0.0,0.0,35.0,35.0,4.0,0.5,0.5,49.5,47.0,0.0,0.0,69.0,69.0,69.0,69.0,8.0,0.0,0.0,0.0,69.0,69.0,69.0,8.0,34.5,0.0,0.0,8.0,4.0,0.0,0.0,0.0,1.5,0.0,0.0,0.0,0.0,24.271250000000002,655744.0,24.5,52623360.0,260263909.7275,1397296128.0,-1.0,4.0,0.0,0.0
2025-04-09 14:27:15,4.0,4.0,0.0,35.5,82.5,0.0,0.0,0.0,0.0,0.0,35.0,35.0,4.0,0.5,0.5,49.5,47.0,0.0,0.0,69.0,69.0,69.0,69.0,8.0,0.0,0.0,0.0,69.0,69.0,69.0,8.0,34.5,0.0,0.0,8.0,4.0,0.0,0.0,0.0,1.5,0.0,0.0,0.0,0.0,24.271250000000002,655744.0,24.5,52623360.0,260263909.7275,1397296128.0,-1.0,4.0,0.0,0.0
2025-04-09 14:27:16,4.0,4.0,0.0,35.5,82.5,0.0,0.0,0.0,0.0,0.0,35.0,35.0,4.0,0.5,0.5,49.5,47.0,0.0,0.0,69.0,69.0,69.0,69.0,8.0,0.0,0.0,0.0,69.0,69.0,69.0,8.0,34.5,0.0,0.0,8.0,4.0,0.0,0.0,0.0,1.5,0.0,0.0,0.0,0.0,24.271250000000002,655744.0,24.5,52623360.0,260263909.7275,1397296128.0,-1.0,4.0,0.0,0.0
2025-04-09 14:27:17,4.0,4.0,0.0,35.5,82.5,0.0,0.0,0.0,0.0,0.0,35.0,35.0,4.0,0.5,0.5,49.5,47.0,0.0,0.0,69.0,69.0,69.0,69.0,8.0,0.0,0.0,0.0,69.0,69.0,69.0,8.0,34.5,0.0,0.0,8.0,4.0,0.0,0.0,0.0,1.5,0.0,0.0,0.0,0.0,24.271250000000002,655744.0,24.5,52623360.0,260263909.7275,1397296128.0,-1.0,4.0,0.0,0.0
2025-04-09 14:27:18,4.0,4.0,0.0,35.5,82.5,0.0,0.0,0.0,0.0,0.0,35.0,35.0,4.0,0.5,0.5,49.5,47.0,0.0,0.0,69.0,69.0,69.0,69.0,8.0,0.0,0.0,0.0,69.0,69.0,69.0,8.0,34.5,0.0,0.0,8.0,4.0,0.0,0.0,0.0,1.5,0.0,0.0,0.0,0.0,24.271250000000002,655744.0,24.5,52623360.0,260263909.7275,1397296128.0,-1.0,4.0,0.0,0.0
2025-04-09 14:27:19,4.0,4.0,0.0,35.5,82.5,0.0,0.0,0.0,0.0,0.0,35.0,35.0,4.0,0.5,0.5,49.5,47.0,0.0,0.0,69.0,69.0,69.0,69.0,8.0,0.0,0.0,0.0,69.0,69.0,69.0,8.0,34.5,0.0,0.0,8.0,4.0,0.0,0.0,0.0,1.5,0.0,0.0,0.0,0.0,24.2725,655744.0,24.5,52623360.0,260263909.7275,1397296128.0,-1.0,4.0,0.0,0.0
2025-04-09 14:27:20,4.0,4.0,0.0,35.5,82.5,0.0,0.0,0.0,0.0,0.0,35.0,35.0,4.0,0.5,0.5,49.5,47.0,0.0,0.0,69.0,69.0,69.0,69.0,8.0,0.0,0.0,0.0,69.0,69.0,69.0,8.0,34.5,0.0,0.0,8.0,4.0,0.0,0.0,0.0,1.5,0.0,0.0,0.0,0.0,24.2725,655744.0,24.5,52623360.0,260263909.7275,1397296128.0,-1.0,4.0,0.0,0.0
2025-04-09 14:27:21,4.0,4.0,0.0,35.5,82.5,0.0,0.0,0.0,0.0,0.0,35.0,35.0,4.0,0.5,0.5,49.5,47.0,0.0,0.0,69.0,69.0,69.0,69.0,8.0,0.0,0.0,0.0,69.0,69.0,69.0,8.0,34.5,0.0,0.0,8.0,4.0,0.0,0.0,0.0,1.5,0.0,0.0,0.0,0.0,24.27375,655744.0,24.5,52623360.0,260263909.7275,1397296128.0,-1.0,4.0,0.0,0.0
2025-04-09 14:27:22,4.0,4.0,0.0,35.5,82.5,0.0,0.0,0.0,0.0,0.0,35.0,35.0,4.0,0.5,0.5,49.5,47.0,0.0,0.0,69.0,69.0,69.0,69.0,8.0,0.0,0.0,0.0,69.0,69.0,69.0,8.0,34.5,0.0,0.0,8.0,4.0,0.0,0.0,0.0,1.5,0.0,0.0,0.0,0.0,24.27375,655744.0,24.5,52623360.0,260263909.7275,1397296128.0,-1.0,4.0,0.0,0.0
2025-04-09 14:27:23,4.0,4.0,0.0,35.5,82.5,0.0,0.0,0.0,0.0,0.0,35.0,35.0,4.0,0.5,0.5,49.5,47.0,0.0,0.0,69.0,69.0,69.0,69.0,8.0,0.0,0.0,0.0,69.0,69.0,69.0,8.0,34.5,0.0,0.0,8.0,4.0,0.0,0.0,0.0,1.5,0.0,0.0,0.0,0.0,24.27375,655744.0,24.5,52623360.0,260263909.7275,1397296128.0,-1.0,4.0,0.0,0.0
2025-04-09 14:27:24,4.0,4.0,0.0,35.5,82.5,0.0,0.0,0.0,0.0,0.0,35.0,35.0,4.0,0.5,0.5,49.5,47.0,0.0,0.0,69.0,69.0,69.0,69.0,8.0,0.0,0.0,0.0,69.0,69.0,69.0,8.0,34.5,0.0,0.0,8.0,4.0,0.0,0.0,0.0,1.5,0.0,0.0,0.0,0.0,24.275,655744.0,24.375,52623360.0,260263909.7275,1397296128.0,-1.0,4.0,0.0,0.0
2025-04-09 14:27:25,4.0,4.0,0.0,35.5,82.5,0.0,0.0,0.0,0.0,0.0,35.0,35.0,4.0,0.5,0.5,49.5,47.0,0.0,0.0,69.0,69.0,69.0,69.0,8.0,0.0,0.0,0.0,69.0,69.0,69.0,8.0,34.5,0.0,0.0,8.0,4.0,0.0,0.0,0.0,1.5,0.0,0.0,0.0,0.0,24.275,655744.0,24.375,52623360.0,260263909.7275,1397296128.0,-1.0,4.0,0.0,0.0
2025-04-09 14:27:26,4.0,4.0,0.0,35.5,82.5,0.0,0.0,0.0,0.0,0.0,35.0,35.0,4.0,0.5,0.5,49.5,47.0,0.0,0.0,69.0,69.0,69.0,69.0,8.0,0.0,0.0,0.0,69.0,69.0,69.0,8.0,34.5,0.0,0.0,8.0,4.0,0.0,0.0,0.0,1.5,0.0,0.0,0.0,0.0,24.275,655744.0,24.375,52623360.0,260263909.7275,1397296128.0,-1.0,4.0,0.0,0.0
2025-04-09 14:27:27,4.0,4.0,0.0,35.5,82.5,0.0,0.0,0.0,0.0,0.0,35.0,35.0,4.0,0.5,0.5,49.5,47.0,0.0,0.0,69.0,69.0,69.0,69.0,8.0,0.0,0.0,0.0,69.0,69.0,69.0,8.0,34.5,0.0,0.0,8.0,4.0,0.0,0.0,0.0,1.5,0.0,0.0,0.0,0.0,24.275,655744.0,24.375,52623360.0,260263909.7275,1397296128.0,-1.0,4.0,0.0,0.0
2025-04-09 14:27:28,4.0,4.0,0.0,35.5,82.5,0.0,0.0,0.0,0.0,0.0,35.0,35.0,4.0,0.5,0.5,49.5,47.0,0.0,0.0,69.0,69.0,69.0,69.0,8.0,0.0,0.0,0.0,69.0,69.0,69.0,8.0,34.5,0.0,0.0,8.0,4.0,0.0,0.0,0.0,1.5,0.0,0.0,0.0,0.0,24.275,655744.0,24.375,52623360.0,260263909.7275,1397296128.0,-1.0,4.0,0.0,0.0
2025-04-09 14:27:29,4.0,4.0,0.0,35.5,82.5,0.0,0.0,0.0,0.0,0.0,35.0,35.0,4.0,0.5,0.5,49.5,47.0,0.0,0.0,69.0,69.0,69.0,69.0,8.0,0.0,0.0,0.0,69.0,69.0,69.0,8.0,34.5,0.0,0.0,8.0,4.0,0.0,0.0,0.0,1.5,0.0,0.0,0.0,0.0,24.275,655744.0,24.375,52623360.0,260263909.7275,1397296128.0,-1.0,4.0,0.0,0.0
2025-04-09 14:27:30,4.0,4.0,0.0,35.5,82.5,0.0,0.0,0.0,0.0,0.0,35.0,35.0,4.0,0.5,0.5,49.5,47.0,0.0,0.0,69.0,69.0,69.0,69.0,8.0,0.0,0.0,0.0,69.0,69.0,69.0,8.0,34.5,0.0,0.0,8.0,4.0,0.0,0.0,0.0,1.5,0.0,0.0,0.0,0.0,24.40125,655744.0,24.375,52623360.0,260263909.7275,1397296128.0,-1.0,4.0,0.0,0.0
2025-04-09 14:27:31,4.0,4.0,0.0,35.5,82.5,0.0,0.0,0.0,0.0,0.0,35.0,35.0,4.0,0.5,0.5,49.5,47.0,0.0,0.0,69.0,69.0,69.0,69.0,8.0,0.0,0.0,0.0,69.0,69.0,69.0,8.0,34.5,0.0,0.0,8.0,4.0,0.0,0.0,0.0,1.5,0.0,0.0,0.0,0.0,24.4025,655744.0,24.375,52623360.0,260263909.7275,1397296128.0,-1.0,4.0,0.0,0.0
2025-04-09 14:27:32,4.0,4.0,0.0,35.5,82.5,0.0,0.0,0.0,0.0,0.0,35.0,35.0,4.0,0.5,0.5,49.5,47.0,0.0,0.0,69.0,69.0,69.0,69.0,8.0,0.0,0.0,0.0,69.0,69.0,69.0,8.0,34.5,0.0,0.0,8.0,4.0,0.0,0.0,0.0,1.5,0.0,0.0,0.0,0.0,24.4025,655744.0,24.375,52623360.0,260263909.7275,1397296128.0,-1.0,4.0,0.0,0.0
2025-04-09 14:27:33,4.0,4.0,0.0,35.5,82.5,0.0,0.0,0.0,0.0,0.0,35.0,35.0,4.0,0.5,0.5,49.5,47.0,0.0,0.0,69.0,69.0,69.0,69.0,8.0,0.0,0.0,0.0,69.0,69.0,69.0,8.0,34.5,0.0,0.0,8.0,4.0,0.0,0.0,0.0,1.5,0.0,0.0,0.0,0.0,24.4025,655744.0,24.375,52623360.0,260263909.7275,1397296128.0,-1.0,4.0,0.0,0.0
2025-04-09 14:27:34,4.0,4.0,0.0,35.5,82.5,0.0,0.0,0.0,0.0,0.0,35.0,35.0,4.0,0.5,0.5,49.5,47.0,0.0,0.0,69.0,69.0,69.0,69.0,8.0,0.0,0.0,0.0,69.0,69.0,69.0,8.0,34.5,0.0,0.0,8.0,4.0,0.0,0.0,0.0,1.5,0.0,0.0,0.0,0.0,24.4025,655744.0,24.375,52623360.0,260263909.7275,1397296128.0,-1.0,4.0,0.0,0.0
2025-04-09 14:27:35,4.0,4.0,0.0,35.5,82.5,0.0,0.0,0.0,0.0,0.0,35.0,35.0,4.0,0.5,0.5,49.5,47.0,0.0,0.0,69.0,69.0,69.0,69.0,8.0,0.0,0.0,0.0,69.0,69.0,69.0,8.0,34.5,0.0,0.0,8.0,4.0,0.0,0.0,0.0,1.5,0.0,0.0,0.0,0.0,24.40375,655744.0,24.375,52623360.0,260263909.7275,1397296128.0,-1.0,4.0,0.0,0.0
2025-04-09 14:27:36,4.0,4.0,0.0,35.5,82.5,0.0,0.0,0.0,0.0,0.0,35.0,35.0,4.0,0.5,0.5,49.5,47.0,0.0,0.0,69.0,69.0,69.0,69.0,8.0,0.0,0.0,0.0,69.0,69.0,69.0,8.0,34.5,0.0,0.0,8.0,4.0,0.0,0.0,0.0,1.5,0.0,0.0,0.0,0.0,24.40375,655744.0,24.375,52623360.0,260263909.7275,1397296128.0,-1.0,4.0,0.0,0.0
2025-04-09 14:27:37,4.0,4.0,0.0,35.5,82.5,0.0,0.0,0.0,0.0,0.0,35.0,35.0,4.0,0.5,0.5,49.5,47.0,0.0,0.0,69.0,69.0,69.0,69.0,8.0,0.0,0.0,0.0,69.0,69.0,69.0,8.0,34.5,0.0,0.0,8.0,4.0,0.0,0.0,0.0,1.5,0.0,0.0,0.0,0.0,24.40375,655744.0,24.375,52623360.0,260263909.7275,1397296128.0,-1.0,4.0,0.0,0.0
2025-04-09 14:27:38,4.0,4.0,0.0,35.5,82.5,0.0,0.0,0.0,0.0,0.0,35.0,35.0,4.0,0.5,0.5,49.5,47.0,0.0,0.0,69.0,69.0,69.0,69.0,8.0,0.0,0.0,0.0,69.0,69.0,69.0,8.0,34.5,0.0,0.0,8.0,4.0,0.0,0.0,0.0,1.5,0.0,0.0,0.0,0.0,24.40375,655744.0,24.375,52623360.0,260263909.7275,1397296128.0,-1.0,4.0,0.0,0.0
2025-04-09 14:27:39,4.0,4.0,0.0,35.5,82.5,0.0,0.0,0.0,0.0,0.0,35.0,35.0,4.0,0.5,0.5,49.5,47.0,0.0,0.0,69.0,69.0,69.0,69.0,8.0,0.0,0.0,0.0,69.0,69.0,69.0,8.0,34.5,0.0,0.0,8.0,4.0,0.0,0.0,0.0,1.5,0.0,0.0,0.0,0.0,24.40375,655744.0,24.375,52623360.0,260263909.7275,1397296128.0,-1.0,4.0,0.0,0.0
2025-04-09 14:27:40,4.0,4.0,0.0,35.5,82.5,0.0,0.0,0.0,0.0,0.0,35.0,35.0,4.0,0.5,0.5,49.5,47.0,0.0,0.0,69.0,69.0,69.0,69.0,8.0,0.0,0.0,0.0,69.0,69.0,69.0,8.0,34.5,0.0,0.0,8.0,4.0,0.0,0.0,0.0,1.5,0.0,0.0,0.0,0.0,24.40375,655744.0,24.375,52623360.0,260263909.7275,1397296128.0,-1.0,4.0,0.0,0.0
2025-04-09 14:27:41,4.0,4.0,0.0,35.5,82.5,0.0,0.0,0.0,0.0,0.0,35.0,35.0,4.0,0.5,0.5,49.5,47.0,0.0,0.0,69.0,69.0,69.0,69.0,8.0,0.0,0.0,0.0,69.0,69.0,69.0,8.0,34.5,0.0,0.0,8.0,4.0,0.0,0.0,0.0,1.5,0.0,0.0,0.0,0.0,24.40375,655744.0,24.375,52623360.0,260263909.7275,1397296128.0,-1.0,4.0,0.0,0.0
2025-04-09 14:27:42,4.0,4.0,0.0,35.5,82.5,0.0,0.0,0.0,0.0,0.0,35.0,35.0,4.0,0.5,0.5,49.5,47.0,0.0,0.0,69.0,69.0,69.0,69.0,8.0,0.0,0.0,0.0,69.0,69.0,69.0,8.0,34.5,0.0,0.0,8.0,4.0,0.0,0.0,0.0,1.5,0.0,0.0,0.0,0.0,24.40375,655744.0,24.375,52623360.0,260263909.7275,1397296128.0,-1.0,4.0,0.0,0.0
2025-04-09 14:27:43,4.0,4.0,0.0,35.5,82.5,0.0,0.0,0.0,0.0,0.0,35.0,35.0,4.0,0.5,0.5,49.5,47.0,0.0,0.0,69.0,69.0,69.0,69.0,8.0,0.0,0.0,0.0,69.0,69.0,69.0,8.0,34.5,0.0,0.0,8.0,4.0,0.0,0.0,0.0,1.5,0.0,0.0,0.0,0.0,24.405,655744.0,24.375,52623360.0,260263909.7275,1397296128.0,-1.0,4.0,0.0,0.0
2025-04-09 14:27:44,4.0,4.0,0.0,35.5,82.5,0.0,0.0,0.0,0.0,0.0,35.0,35.0,4.0,0.5,0.5,49.5,47.0,0.0,0.0,69.0,69.0,69.0,69.0,8.0,0.0,0.0,0.0,69.0,69.0,69.0,8.0,34.5,0.0,0.0,8.0,4.0,0.0,0.0,0.0,1.5,0.0,0.0,0.0,0.0,24.405,655744.0,24.375,52623360.0,260263909.7275,1397296128.0,-1.0,4.0,0.0,0.0
2025-04-09 14:27:45,4.0,4.0,0.0,35.5,82.5,0.0,0.0,0.0,0.0,0.0,35.0,35.0,4.0,0.5,0.5,49.5,47.0,0.0,0.0,69.0,69.0,69.0,69.0,8.0,0.0,0.0,0.0,69.0,69.0,69.0,8.0,34.5,0.0,0.0,8.0,4.0,0.0,0.0,0.0,1.5,0.0,0.0,0.0,0.0,24.405,655744.0,24.375,52623360.0,260263909.7275,1397296128.0,-1.0,4.0,0.0,0.0
2025-04-09 14:27:46,4.0,4.0,0.0,35.5,82.5,0.0,0.0,0.0,0.0,0.0,35.0,35.0,4.0,0.5,0.5,49.5,47.0,0.0,0.0,69.0,69.0,69.0,69.0,8.0,0.0,0.0,0.0,69.0,69.0,69.0,8.0,34.5,0.0,0.0,8.0,4.0,0.0,0.0,0.0,1.5,0.0,0.0,0.0,0.0,24.40625,655744.0,24.375,52623360.0,260263909.7275,1397296128.0,-1.0,4.0,0.0,0.0
2025-04-09 14:27:47,4.0,4.0,0.0,35.5,82.5,0.0,0.0,0.0,0.0,0.0,35.0,35.0,4.0,0.5,0.5,49.5,47.0,0.0,0.0,69.0,69.0,69.0,69.0,8.0,0.0,0.0,0.0,69.0,69.0,69.0,8.0,34.5,0.0,0.0,8.0,4.0,0.0,0.0,0.0,1.5,0.0,0.0,0.0,0.0,24.40625,655744.0,24.375,52623360.0,260263909.7275,1397296128.0,-1.0,4.0,0.0,0.0
2025-04-09 14:27:48,4.0,4.0,0.0,35.5,82.5,0.0,0.0,0.0,0.0,0.0,35.0,35.0,4.0,0.5,0.5,49.5,47.0,0.0,0.0,69.0,69.0,69.0,69.0,8.0,0.0,0.0,0.0,69.0,69.0,69.0,8.0,34.5,0.0,0.0,8.0,4.0,0.0,0.0,0.0,1.5,0.0,0.0,0.0,0.0,24.4075,655744.0,24.375,52623360.0,260263909.7275,1397296128.0,-1.0,4.0,0.0,0.0
2025-04-09 14:27:49,4.0,4.0,0.0,35.5,82.5,0.0,0.0,0.0,0.0,0.0,35.0,35.0,4.0,0.5,0.5,49.5,47.0,0.0,0.0,69.0,69.0,69.0,69.0,8.0,0.0,0.0,0.0,69.0,69.0,69.0,8.0,34.5,0.0,0.0,8.0,4.0,0.0,0.0,0.0,1.5,0.0,0.0,0.0,0.0,24.4075,655744.0,24.375,52623360.0,260263909.7275,1397296128.0,-1.0,4.0,0.0,0.0
2025-04-09 14:27:50,4.0,4.0,0.0,35.5,82.5,0.0,0.0,0.0,0.0,0.0,35.0,35.0,4.0,0.5,0.5,49.5,47.0,0.0,0.0,69.0,69.0,69.0,69.0,8.0,0.0,0.0,0.0,69.0,69.0,69.0,8.0,34.5,0.0,0.0,8.0,4.0,0.0,0.0,0.0,1.5,0.0,0.0,0.0,0.0,24.4075,655744.0,24.375,52623360.0,260263909.7275,1397296128.0,-1.0,4.0,0.0,0.0
2025-04-09 14:27:51,4.0,4.0,0.0,35.5,82.5,0.0,0.0,0.0,0.0,0.0,35.0,35.0,4.0,0.5,0.5,49.5,47.0,0.0,0.0,69.0,69.0,69.0,69.0,8.0,0.0,0.0,0.0,69.0,69.0,69.0,8.0,34.5,0.0,0.0,8.0,4.0,0.0,0.0,0.0,1.5,0.0,0.0,0.0,0.0,24.4075,655744.0,24.375,52623360.0,260263909.7275,1397296128.0,-1.0,4.0,0.0,0.0
2025-04-09 14:27:52,4.0,4.0,0.0,35.5,82.5,0.0,0.0,0.0,0.0,0.0,35.0,35.0,4.0,0.5,0.5,49.5,47.0,0.0,0.0,69.0,69.0,69.0,69.0,8.0,0.0,0.0,0.0,69.0,69.0,69.0,8.0,34.5,0.0,0.0,8.0,4.0,0.0,0.0,0.0,1.5,0.0,0.0,0.0,0.0,24.4075,655744.0,24.375,52623360.0,260263909.7275,1397296128.0,-1.0,4.0,0.0,0.0
2025-04-09 14:27:53,4.0,4.0,0.0,35.5,82.5,0.0,0.0,0.0,0.0,0.0,35.0,35.0,4.0,0.5,0.5,49.5,47.0,0.0,0.0,69.0,69.0,69.0,69.0,8.0,0.0,0.0,0.0,69.0,69.0,69.0,8.0,34.5,0.0,0.0,8.0,4.0,0.0,0.0,0.0,1.5,0.0,0.0,0.0,0.0,24.40875,655744.0,24.375,52623360.0,260263909.7275,1397296128.0,-1.0,4.0,0.0,0.0
2025-04-09 14:27:54,4.0,4.0,0.0,35.5,82.5,0.0,0.0,0.0,0.0,0.0,35.0,35.0,4.0,0.5,0.5,49.5,47.0,0.0,0.0,69.0,69.0,69.0,69.0,8.0,0.0,0.0,0.0,69.0,69.0,69.0,8.0,34.5,0.0,0.0,8.0,4.0,0.0,0.0,0.0,1.5,0.0,0.0,0.0,0.0,24.40875,655744.0,24.5,52623360.0,260263909.7275,1397296128.0,-1.0,4.0,0.0,0.0
2025-04-09 14:27:55,4.0,4.0,0.0,35.5,82.5,0.0,0.0,0.0,0.0,0.0,35.0,35.0,4.0,0.5,0.5,49.5,47.0,0.0,0.0,69.0,69.0,69.0,69.0,8.0,0.0,0.0,0.0,69.0,69.0,69.0,8.0,34.5,0.0,0.0,8.0,4.0,0.0,0.0,0.0,1.5,0.0,0.0,0.0,0.0,24.40875,655744.0,24.5,52623360.0,260263909.7275,1397296128.0,-1.0,4.0,0.0,0.0
2025-04-09 14:27:56,4.0,4.0,0.0,35.5,82.5,0.0,0.0,0.0,0.0,0.0,35.0,35.0,4.0,0.5,0.5,49.5,47.0,0.0,0.0,69.0,69.0,69.0,69.0,8.0,0.0,0.0,0.0,69.0,69.0,69.0,8.0,34.5,0.0,0.0,8.0,4.0,0.0,0.0,0.0,1.5,0.0,0.0,0.0,0.0,24.40875,655744.0,24.5,52623360.0,260263909.7275,1397296128.0,-1.0,4.0,0.0,0.0
2025-04-09 14:27:57,4.0,4.0,0.0,35.5,82.5,0.0,0.0,0.0,0.0,0.0,35.0,35.0,4.0,0.5,0.5,49.5,47.0,0.0,0.0,69.0,69.0,69.0,69.0,8.0,0.0,0.0,0.0,69.0,69.0,69.0,8.0,34.5,0.0,0.0,8.0,4.0,0.0,0.0,0.0,1.5,0.0,0.0,0.0,0.0,24.40875,655744.0,24.5,52623360.0,260263909.7275,1397296128.0,-1.0,4.0,0.0,0.0
2025-04-09 14:27:58,4.0,4.0,0.0,35.5,82.5,0.0,0.0,0.0,0.0,0.0,35.0,35.0,4.0,0.5,0.5,49.5,47.0,0.0,0.0,69.0,69.0,69.0,69.0,8.0,0.0,0.0,0.0,69.0,69.0,69.0,8.0,34.5,0.0,0.0,8.0,4.0,0.0,0.0,0.0,1.5,0.0,0.0,0.0,0.0,24.41,655744.0,24.5,52623360.0,260263909.7275,1397296128.0,-1.0,4.0,0.0,0.0
2025-04-09 14:27:59,4.0,4.0,0.0,35.5,82.5,0.0,0.0,0.0,0.0,0.0,35.0,35.0,4.0,0.5,0.5,49.5,47.0,0.0,0.0,69.0,69.0,69.0,69.0,8.0,0.0,0.0,0.0,69.0,69.0,69.0,8.0,34.5,0.0,0.0,8.0,4.0,0.0,0.0,0.0,1.5,0.0,0.0,0.0,0.0,24.41,655744.0,24.5,52623360.0,260263909.7275,1397296128.0,-1.0,4.0,0.0,0.0
2025-04-09 14:28:00,4.0,4.0,0.0,35.5,82.5,0.0,0.0,0.0,0.0,0.0,35.0,35.0,4.0,0.5,0.5,49.5,47.0,0.0,0.0,69.0,69.0,69.0,69.0,8.0,0.0,0.0,0.0,69.0,69.0,69.0,8.0,34.5,0.0,0.0,8.0,4.0,0.0,0.0,0.0,1.5,0.0,0.0,0.0,0.0,24.41,655744.0,24.5,52623360.0,260263909.7275,1397296128.0,-1.0,4.0,0.0,0.0
2025-04-09 14:28:01,4.0,4.0,0.0,35.5,82.5,0.0,0.0,0.0,0.0,0.0,35.0,35.0,4.0,0.5,0.5,49.5,47.0,0.0,0.0,69.0,69.0,69.0,69.0,8.0,0.0,0.0,0.0,69.0,69.0,69.0,8.0,34.5,0.0,0.0,8.0,4.0,0.0,0.0,0.0,1.5,0.0,0.0,0.0,0.0,24.41,655744.0,24.5,52623360.0,260263909.7275,1397296128.0,-1.0,4.0,0.0,0.0
2025-04-09 14:28:02,4.0,4.0,0.0,35.5,82.5,0.0,0.0,0.0,0.0,0.0,35.0,35.0,4.0,0.5,0.5,49.5,47.0,0.0,0.0,69.0,69.0,69.0,69.0,8.0,0.0,0.0,0.0,69.0,69.0,69.0,8.0,34.5,0.0,0.0,8.0,4.0,0.0,0.0,0.0,1.5,0.0,0.0,0.0,0.0,24.41,655744.0,24.5,52623360.0,260263909.7275,1397296128.0,-1.0,4.0,0.0,0.0
2025-04-09 14:28:03,4.0,4.0,0.0,35.5,82.5,0.0,0.0,0.0,0.0,0.0,35.0,35.0,4.0,0.5,0.5,49.5,47.0,0.0,0.0,69.0,69.0,69.0,69.0,8.0,0.0,0.0,0.0,69.0,69.0,69.0,8.0,34.5,0.0,0.0,8.0,4.0,0.0,0.0,0.0,1.5,0.0,0.0,0.0,0.0,24.4125,655744.0,24.5,52623360.0,260263909.7275,1397296128.0,-1.0,4.0,0.0,0.0
2025-04-09 14:28:04,4.0,4.0,0.0,35.5,82.5,0.0,0.0,0.0,0.0,0.0,35.0,35.0,4.0,0.5,0.5,49.5,47.0,0.0,0.0,69.0,69.0,69.0,69.0,8.0,0.0,0.0,0.0,69.0,69.0,69.0,8.0,34.5,0.0,0.0,8.0,4.0,0.0,0.0,0.0,1.5,0.0,0.0,0.0,0.0,24.4125,655744.0,24.375,52623360.0,260263909.7275,1397296128.0,-1.0,4.0,0.0,0.0
2025-04-09 14:28:05,4.0,4.0,0.0,35.5,82.5,0.0,0.0,0.0,0.0,0.0,35.0,35.0,4.0,0.5,0.5,49.5,47.0,0.0,0.0,69.0,69.0,69.0,69.0,8.0,0.0,0.0,0.0,69.0,69.0,69.0,8.0,34.5,0.0,0.0,8.0,4.0,0.0,0.0,0.0,1.5,0.0,0.0,0.0,0.0,24.4125,655744.0,24.375,52623360.0,260263909.7275,1397296128.0,-1.0,4.0,0.0,0.0
2025-04-09 14:28:06,4.0,4.0,0.0,35.5,82.5,0.0,0.0,0.0,0.0,0.0,35.0,35.0,4.0,0.5,0.5,49.5,47.0,0.0,0.0,69.0,69.0,69.0,69.0,8.0,0.0,0.0,0.0,69.0,69.0,69.0,8.0,34.5,0.0,0.0,8.0,4.0,0.0,0.0,0.0,1.5,0.0,0.0,0.0,0.0,24.4125,655744.0,24.375,52623360.0,260263909.7275,1397296128.0,-1.0,4.0,0.0,0.0
2025-04-09 14:28:07,4.0,4.0,0.0,35.5,82.5,0.0,0.0,0.0,0.0,0.0,35.0,35.0,4.0,0.5,0.5,49.5,47.0,0.0,0.0,69.0,69.0,69.0,69.0,8.0,0.0,0.0,0.0,69.0,69.0,69.0,8.0,34.5,0.0,0.0,8.0,4.0,0.0,0.0,0.0,1.5,0.0,0.0,0.0,0.0,24.4125,655744.0,24.375,52623360.0,260263909.7275,1397296128.0,-1.0,4.0,0.0,0.0
2025-04-09 14:28:08,4.0,4.0,0.0,35.5,82.5,0.0,0.0,0.0,0.0,0.0,35.0,35.0,4.0,0.5,0.5,49.5,47.0,0.0,0.0,69.0,69.0,69.0,69.0,8.0,0.0,0.0,0.0,69.0,69.0,69.0,8.0,34.5,0.0,0.0,8.0,4.0,0.0,0.0,0.0,1.5,0.0,0.0,0.0,0.0,24.41375,655744.0,24.375,52623360.0,260263909.7275,1397296128.0,-1.0,4.0,0.0,0.0
2025-04-09 14:28:09,4.0,4.0,0.0,35.5,82.5,0.0,0.0,0.0,0.0,0.0,35.0,35.0,4.0,0.5,0.5,49.5,47.0,0.0,0.0,69.0,69.0,69.0,69.0,8.0,0.0,0.0,0.0,69.0,69.0,69.0,8.0,34.5,0.0,0.0,8.0,4.0,0.0,0.0,0.0,1.5,0.0,0.0,0.0,0.0,24.41375,655744.0,24.375,52623360.0,260263909.7275,1397296128.0,-1.0,4.0,0.0,0.0
2025-04-09 14:28:10,4.0,4.0,0.0,35.5,82.5,0.0,0.0,0.0,0.0,0.0,35.0,35.0,4.0,0.5,0.5,49.5,47.0,0.0,0.0,69.0,69.0,69.0,69.0,8.0,0.0,0.0,0.0,69.0,69.0,69.0,8.0,34.5,0.0,0.0,8.0,4.0,0.0,0.0,0.0,1.5,0.0,0.0,0.0,0.0,24.41375,655744.0,24.375,52623360.0,260263909.7275,1397296128.0,-1.0,4.0,0.0,0.0
2025-04-09 14:28:11,4.0,4.0,0.0,35.5,82.5,0.0,0.0,0.0,0.0,0.0,35.0,35.0,4.0,0.5,0.5,49.5,47.0,0.0,0.0,69.0,69.0,69.0,69.0,8.0,0.0,0.0,0.0,69.0,69.0,69.0,8.0,34.5,0.0,0.0,8.0,4.0,0.0,0.0,0.0,1.5,0.0,0.0,0.0,0.0,24.41375,655744.0,24.375,52623360.0,260263909.7275,1397296128.0,-1.0,4.0,0.0,0.0
2025-04-09 14:28:12,4.0,4.0,0.0,35.5,82.5,0.0,0.0,0.0,0.0,0.0,35.0,35.0,4.0,0.5,0.5,49.5,47.0,0.0,0.0,69.0,69.0,69.0,69.0,8.0,0.0,0.0,0.0,69.0,69.0,69.0,8.0,34.5,0.0,0.0,8.0,4.0,0.0,0.0,0.0,1.5,0.0,0.0,0.0,0.0,24.41375,655744.0,24.375,52657152.0,260263909.7275,1397296128.0,-1.0,4.0,0.0,0.0
2025-04-09 14:28:13,4.0,4.0,0.0,35.5,82.5,0.0,0.0,0.0,0.0,0.0,35.0,35.0,4.0,0.5,0.5,49.5,47.0,0.0,0.0,69.0,69.0,69.0,69.0,8.0,0.0,0.0,0.0,69.0,69.0,69.0,8.0,34.5,0.0,0.0,8.0,4.0,0.0,0.0,0.0,1.5,0.0,0.0,0.0,0.0,24.415,655744.0,24.375,52657152.0,260263909.7275,1397296128.0,-1.0,4.0,0.0,0.0
2025-04-09 14:28:14,4.0,4.0,0.0,35.5,82.5,0.0,0.0,0.0,0.0,0.0,35.0,35.0,4.0,0.5,0.5,49.5,47.0,0.0,0.0,69.0,69.0,69.0,69.0,8.0,0.0,0.0,0.0,69.0,69.0,69.0,8.0,34.5,0.0,0.0,8.0,4.0,0.0,0.0,0.0,1.5,0.0,0.0,0.0,0.0,24.415,655744.0,24.375,52657152.0,260263909.7275,1397296128.0,-1.0,4.0,0.0,0.0
2025-04-09 14:28:15,4.0,4.0,0.0,35.5,82.5,0.0,0.0,0.0,0.0,0.0,35.0,35.0,4.0,0.5,0.5,49.5,47.0,0.0,0.0,69.0,69.0,69.0,69.0,8.0,0.0,0.0,0.0,69.0,69.0,69.0,8.0,34.5,0.0,0.0,8.0,4.0,0.0,0.0,0.0,1.5,0.0,0.0,0.0,0.0,24.415,655744.0,24.375,52657152.0,260263909.7275,1397296128.0,-1.0,4.0,0.0,0.0
2025-04-09 14:28:16,4.0,4.0,0.0,35.5,82.5,0.0,0.0,0.0,0.0,0.0,35.0,35.0,4.0,0.5,0.5,49.5,47.0,0.0,0.0,69.0,69.0,69.0,69.0,8.0,0.0,0.0,0.0,69.0,69.0,69.0,8.0,34.5,0.0,0.0,8.0,4.0,0.0,0.0,0.0,1.5,0.0,0.0,0.0,0.0,24.415,655744.0,24.375,52657152.0,260263909.7275,1397296128.0,-1.0,4.0,0.0,0.0
2025-04-09 14:28:17,4.0,4.0,0.0,35.5,82.5,0.0,0.0,0.0,0.0,0.0,35.0,35.0,4.0,0.5,0.5,49.5,47.0,0.0,0.0,69.0,69.0,69.0,69.0,8.0,0.0,0.0,0.0,69.0,69.0,69.0,8.0,34.5,0.0,0.0,8.0,4.0,0.0,0.0,0.0,1.5,0.0,0.0,0.0,0.0,24.416249999999998,655744.0,24.375,52657152.0,260263909.7275,1397296128.0,-1.0,4.0,0.0,0.0
2025-04-09 14:28:18,4.0,4.0,0.0,35.5,82.5,0.0,0.0,0.0,0.0,0.0,35.0,35.0,4.0,0.5,0.5,49.5,47.0,0.0,0.0,69.0,69.0,69.0,69.0,8.0,0.0,0.0,0.0,69.0,69.0,69.0,8.0,34.5,0.0,0.0,8.0,4.0,0.0,0.0,0.0,1.5,0.0,0.0,0.0,0.0,24.416249999999998,655744.0,24.375,52657152.0,260263909.7275,1397296128.0,-1.0,4.0,0.0,0.0
2025-04-09 14:28:19,4.0,4.0,0.0,35.5,82.5,0.0,0.0,0.0,0.0,0.0,35.0,35.0,4.0,0.5,0.5,49.5,47.0,0.0,0.0,69.0,69.0,69.0,69.0,8.0,0.0,0.0,0.0,69.0,69.0,69.0,8.0,34.5,0.0,0.0,8.0,4.0,0.0,0.0,0.0,1.5,0.0,0.0,0.0,0.0,24.4175,655744.0,24.375,52657152.0,260263909.7275,1397296128.0,-1.0,4.0,0.0,0.0
2025-04-09 14:28:20,4.0,4.0,0.0,35.5,82.5,0.0,0.0,0.0,0.0,0.0,35.0,35.0,4.0,0.5,0.5,49.5,47.0,0.0,0.0,69.0,69.0,69.0,69.0,8.0,0.0,0.0,0.0,69.0,69.0,69.0,8.0,34.5,0.0,0.0,8.0,4.0,0.0,0.0,0.0,1.5,0.0,0.0,0.0,0.0,24.4175,655744.0,24.375,52657152.0,260263909.7275,1397296128.0,-1.0,4.0,0.0,0.0
2025-04-09 14:28:21,4.0,4.0,0.0,35.5,82.5,0.0,0.0,0.0,0.0,0.0,35.0,35.0,4.0,0.5,0.5,49.5,47.0,0.0,0.0,69.0,69.0,69.0,69.0,8.0,0.0,0.0,0.0,69.0,69.0,69.0,8.0,34.5,0.0,0.0,8.0,4.0,0.0,0.0,0.0,1.5,0.0,0.0,0.0,0.0,24.4175,655744.0,24.375,52657152.0,260263909.7275,1397296128.0,-1.0,4.0,0.0,0.0
2025-04-09 14:28:22,4.0,4.0,0.0,35.5,82.5,0.0,0.0,0.0,0.0,0.0,35.0,35.0,4.0,0.5,0.5,49.5,47.0,0.0,0.0,69.0,69.0,69.0,69.0,8.0,0.0,0.0,0.0,69.0,69.0,69.0,8.0,34.5,0.0,0.0,8.0,4.0,0.0,0.0,0.0,1.5,0.0,0.0,0.0,0.0,24.4175,655744.0,24.375,52657152.0,260263909.7275,1397296128.0,-1.0,4.0,0.0,0.0
2025-04-09 14:28:23,4.0,4.0,0.0,35.5,82.5,0.0,0.0,0.0,0.0,0.0,35.0,35.0,4.0,0.5,0.5,49.5,47.0,0.0,0.0,69.0,69.0,69.0,69.0,8.0,0.0,0.0,0.0,69.0,69.0,69.0,8.0,34.5,0.0,0.0,8.0,4.0,0.0,0.0,0.0,1.5,0.0,0.0,0.0,0.0,24.4175,655744.0,24.375,52657152.0,260263909.7275,1397296128.0,-1.0,4.0,0.0,0.0
2025-04-09 14:28:24,4.0,4.0,0.0,35.5,82.5,0.0,0.0,0.0,0.0,0.0,35.0,35.0,4.0,0.5,0.5,49.5,47.0,0.0,0.0,69.0,69.0,69.0,69.0,8.0,0.0,0.0,0.0,69.0,69.0,69.0,8.0,34.5,0.0,0.0,8.0,4.0,0.0,0.0,0.0,1.5,0.0,0.0,0.0,0.0,24.41875,655744.0,24.375,52657152.0,260263909.7275,1397296128.0,-1.0,4.0,0.0,0.0
2025-04-09 14:28:25,4.0,4.0,0.0,35.5,82.5,0.0,0.0,0.0,0.0,0.0,35.0,35.0,4.0,0.5,0.5,49.5,47.0,0.0,0.0,69.0,69.0,69.0,69.0,8.0,0.0,0.0,0.0,69.0,69.0,69.0,8.0,34.5,0.0,0.0,8.0,4.0,0.0,0.0,0.0,1.5,0.0,0.0,0.0,0.0,24.41875,655744.0,24.375,52657152.0,260263909.7275,1397296128.0,-1.0,4.0,0.0,0.0
2025-04-09 14:28:26,4.0,4.0,0.0,35.5,82.5,0.0,0.0,0.0,0.0,0.0,35.0,35.0,4.0,0.5,0.5,49.5,47.0,0.0,0.0,69.0,69.0,69.0,69.0,8.0,0.0,0.0,0.0,69.0,69.0,69.0,8.0,34.5,0.0,0.0,8.0,4.0,0.0,0.0,0.0,1.5,0.0,0.0,0.0,0.0,24.41875,655744.0,24.375,52657152.0,260263909.7275,1397296128.0,-1.0,4.0,0.0,0.0
2025-04-09 14:28:27,4.0,4.0,0.0,35.5,82.5,0.0,0.0,0.0,0.0,0.0,35.0,35.0,4.0,0.5,0.5,49.5,47.0,0.0,0.0,69.0,69.0,69.0,69.0,8.0,0.0,0.0,0.0,69.0,69.0,69.0,8.0,34.5,0.0,0.0,8.0,4.0,0.0,0.0,0.0,1.5,0.0,0.0,0.0,0.0,24.41875,655744.0,24.375,52657152.0,260263909.7275,1397296128.0,-1.0,4.0,0.0,0.0
2025-04-09 14:28:28,4.0,4.0,0.0,35.5,82.5,0.0,0.0,0.0,0.0,0.0,35.0,35.0,4.0,0.5,0.5,49.5,47.0,0.0,0.0,69.0,69.0,69.0,69.0,8.0,0.0,0.0,0.0,69.0,69.0,69.0,8.0,34.5,0.0,0.0,8.0,4.0,0.0,0.0,0.0,1.5,0.0,0.0,0.0,0.0,24.41875,655744.0,24.375,52657152.0,260263909.7275,1397296128.0,-1.0,4.0,0.0,0.0
2025-04-09 14:28:29,4.0,4.0,0.0,35.5,82.5,0.0,0.0,0.0,0.0,0.0,35.0,35.0,4.0,0.5,0.5,49.5,47.0,0.0,0.0,69.0,69.0,69.0,69.0,8.0,0.0,0.0,0.0,69.0,69.0,69.0,8.0,34.5,0.0,0.0,8.0,4.0,0.0,0.0,0.0,1.5,0.0,0.0,0.0,0.0,24.42125,655744.0,24.375,52657152.0,260263909.7275,1397296128.0,-1.0,4.0,0.0,0.0
2025-04-09 14:28:30,4.0,4.0,0.0,35.5,82.5,0.0,0.0,0.0,0.0,0.0,35.0,35.0,4.0,0.5,0.5,49.5,47.0,0.0,0.0,69.0,69.0,69.0,69.0,8.0,0.0,0.0,0.0,69.0,69.0,69.0,8.0,34.5,0.0,0.0,8.0,4.0,0.0,0.0,0.0,1.5,0.0,0.0,0.0,0.0,24.4225,655744.0,24.375,52657152.0,260263909.7275,1397296128.0,-1.0,4.0,0.0,0.0
2025-04-09 14:28:31,4.0,4.0,0.0,35.5,82.5,0.0,0.0,0.0,0.0,0.0,35.0,35.0,4.0,0.5,0.5,49.5,47.0,0.0,0.0,69.0,69.0,69.0,69.0,8.0,0.0,0.0,0.0,69.0,69.0,69.0,8.0,34.5,0.0,0.0,8.0,4.0,0.0,0.0,0.0,1.5,0.0,0.0,0.0,0.0,24.4225,655744.0,24.375,52657152.0,260263909.7275,1397296128.0,-1.0,4.0,0.0,0.0
2025-04-09 14:28:32,4.0,4.0,0.0,35.5,82.5,0.0,0.0,0.0,0.0,0.0,35.0,35.0,4.0,0.5,0.5,49.5,47.0,0.0,0.0,69.0,69.0,69.0,69.0,8.0,0.0,0.0,0.0,69.0,69.0,69.0,8.0,34.5,0.0,0.0,8.0,4.0,0.0,0.0,0.0,1.5,0.0,0.0,0.0,0.0,24.4225,655744.0,24.375,52657152.0,260263909.7275,1397296128.0,-1.0,4.0,0.0,0.0
2025-04-09 14:28:33,4.0,4.0,0.0,35.5,82.5,0.0,0.0,0.0,0.0,0.0,35.0,35.0,4.0,0.5,0.5,49.5,47.0,0.0,0.0,69.0,69.0,69.0,69.0,8.0,0.0,0.0,0.0,69.0,69.0,69.0,8.0,34.5,0.0,0.0,8.0,4.0,0.0,0.0,0.0,1.5,0.0,0.0,0.0,0.0,24.42375,655744.0,24.375,52657152.0,260263909.7275,1397296128.0,-1.0,4.0,0.0,0.0
2025-04-09 14:28:34,4.0,4.0,0.0,35.5,82.5,0.0,0.0,0.0,0.0,0.0,35.0,35.0,4.0,0.5,0.5,49.5,47.0,0.0,0.0,69.0,69.0,69.0,69.0,8.0,0.0,0.0,0.0,69.0,69.0,69.0,8.0,34.5,0.0,0.0,8.0,4.0,0.0,0.0,0.0,1.5,0.0,0.0,0.0,0.0,24.42375,655744.0,24.375,52657152.0,260263909.7275,1397296128.0,-1.0,4.0,0.0,0.0
2025-04-09 14:28:35,4.0,4.0,0.0,35.5,82.5,0.0,0.0,0.0,0.0,0.0,35.0,35.0,4.0,0.5,0.5,49.5,47.0,0.0,0.0,69.0,69.0,69.0,69.0,8.0,0.0,0.0,0.0,69.0,69.0,69.0,8.0,34.5,0.0,0.0,8.0,4.0,0.0,0.0,0.0,1.5,0.0,0.0,0.0,0.0,24.42375,655744.0,24.5,52657152.0,260263909.7275,1397296128.0,-1.0,4.0,0.0,0.0
2025-04-09 14:28:36,4.0,4.0,0.0,35.5,82.5,0.0,0.0,0.0,0.0,0.0,35.0,35.0,4.0,0.5,0.5,49.5,47.0,0.0,0.0,69.0,69.0,69.0,69.0,8.0,0.0,0.0,0.0,69.0,69.0,69.0,8.0,34.5,0.0,0.0,8.0,4.0,0.0,0.0,0.0,1.5,0.0,0.0,0.0,0.0,24.42375,655744.0,24.5,52657152.0,260263909.7275,1397296128.0,-1.0,4.0,0.0,0.0
2025-04-09 14:28:37,4.0,4.0,0.0,35.5,82.5,0.0,0.0,0.0,0.0,0.0,35.0,35.0,4.0,0.5,0.5,49.5,47.0,0.0,0.0,69.0,69.0,69.0,69.0,8.0,0.0,0.0,0.0,69.0,69.0,69.0,8.0,34.5,0.0,0.0,8.0,4.0,0.0,0.0,0.0,1.5,0.0,0.0,0.0,0.0,24.425,655744.0,24.5,52657152.0,260263909.7275,1397296128.0,-1.0,4.0,0.0,0.0
2025-04-09 14:28:38,4.0,4.0,0.0,35.5,82.5,0.0,0.0,0.0,0.0,0.0,35.0,35.0,4.0,0.5,0.5,49.5,47.0,0.0,0.0,69.0,69.0,69.0,69.0,8.0,0.0,0.0,0.0,69.0,69.0,69.0,8.0,34.5,0.0,0.0,8.0,4.0,0.0,0.0,0.0,1.5,0.0,0.0,0.0,0.0,24.42625,655744.0,24.5,52657152.0,260263909.7275,1397296128.0,-1.0,4.0,0.0,0.0
2025-04-09 14:28:39,4.0,4.0,0.0,35.5,82.5,0.0,0.0,0.0,0.0,0.0,35.0,35.0,4.0,0.5,0.5,49.5,47.0,0.0,0.0,69.0,69.0,69.0,69.0,8.0,0.0,0.0,0.0,69.0,69.0,69.0,8.0,34.5,0.0,0.0,8.0,4.0,0.0,0.0,0.0,1.5,0.0,0.0,0.0,0.0,24.42625,655744.0,24.5,52657152.0,260263909.7275,1397296128.0,-1.0,4.0,0.0,0.0
2025-04-09 14:28:40,4.0,4.0,0.0,35.5,82.5,0.0,0.0,0.0,0.0,0.0,35.0,35.0,4.0,0.5,0.5,49.5,47.0,0.0,0.0,69.0,69.0,69.0,69.0,8.0,0.0,0.0,0.0,69.0,69.0,69.0,8.0,34.5,0.0,0.0,8.0,4.0,0.0,0.0,0.0,1.5,0.0,0.0,0.0,0.0,24.42625,655744.0,24.5,52657152.0,260263909.7275,1397296128.0,-1.0,4.0,0.0,0.0
2025-04-09 14:28:41,4.0,4.0,0.0,35.5,82.5,0.0,0.0,0.0,0.0,0.0,35.0,35.0,4.0,0.5,0.5,49.5,47.0,0.0,0.0,69.0,69.0,69.0,69.0,8.0,0.0,0.0,0.0,69.0,69.0,69.0,8.0,34.5,0.0,0.0,8.0,4.0,0.0,0.0,0.0,1.5,0.0,0.0,0.0,0.0,24.42625,655744.0,24.5,52657152.0,260263909.7275,1397296128.0,-1.0,4.0,0.0,0.0
2025-04-09 14:28:42,4.0,4.0,0.0,35.5,82.5,0.0,0.0,0.0,0.0,0.0,35.0,35.0,4.0,0.5,0.5,49.5,47.0,0.0,0.0,69.0,69.0,69.0,69.0,8.0,0.0,0.0,0.0,69.0,69.0,69.0,8.0,34.5,0.0,0.0,8.0,4.0,0.0,0.0,0.0,1.5,0.0,0.0,0.0,0.0,24.42625,655744.0,24.5,52657152.0,260263909.7275,1397296128.0,-1.0,4.0,0.0,0.0
2025-04-09 14:28:43,4.0,4.0,0.0,35.5,82.5,0.0,0.0,0.0,0.0,0.0,35.0,35.0,4.0,0.5,0.5,49.5,47.0,0.0,0.0,69.0,69.0,69.0,69.0,8.0,0.0,0.0,0.0,69.0,69.0,69.0,8.0,34.5,0.0,0.0,8.0,4.0,0.0,0.0,0.0,1.5,0.0,0.0,0.0,0.0,24.42625,655744.0,24.5,52657152.0,260263909.7275,1397296128.0,-1.0,4.0,0.0,0.0
2025-04-09 14:28:44,4.0,4.0,0.0,35.5,82.5,0.0,0.0,0.0,0.0,0.0,35.0,35.0,4.0,0.5,0.5,49.5,47.0,0.0,0.0,69.0,69.0,69.0,69.0,8.0,0.0,0.0,0.0,69.0,69.0,69.0,8.0,34.5,0.0,0.0,8.0,4.0,0.0,0.0,0.0,1.5,0.0,0.0,0.0,0.0,24.427500000000002,655744.0,24.5,52657152.0,260263909.7275,1397296128.0,-1.0,4.0,0.0,0.0
2025-04-09 14:28:45,4.0,4.0,0.0,35.5,82.5,0.0,0.0,0.0,0.0,0.0,35.0,35.0,4.0,0.5,0.5,49.5,47.0,0.0,0.0,69.0,69.0,69.0,69.0,8.0,0.0,0.0,0.0,69.0,69.0,69.0,8.0,34.5,0.0,0.0,8.0,4.0,0.0,0.0,0.0,1.5,0.0,0.0,0.0,0.0,24.427500000000002,655744.0,24.375,52657152.0,260263909.7275,1397296128.0,-1.0,4.0,0.0,0.0
2025-04-09 14:28:46,4.0,4.0,0.0,35.5,82.5,0.0,0.0,0.0,0.0,0.0,35.0,35.0,4.0,0.5,0.5,49.5,47.0,0.0,0.0,69.0,69.0,69.0,69.0,8.0,0.0,0.0,0.0,69.0,69.0,69.0,8.0,34.5,0.0,0.0,8.0,4.0,0.0,0.0,0.0,1.5,0.0,0.0,0.0,0.0,24.427500000000002,655744.0,24.375,52657152.0,260263909.7275,1397296128.0,-1.0,4.0,0.0,0.0
2025-04-09 14:28:47,4.0,4.0,0.0,35.5,82.5,0.0,0.0,0.0,0.0,0.0,35.0,35.0,4.0,0.5,0.5,49.5,47.0,0.0,0.0,69.0,69.0,69.0,69.0,8.0,0.0,0.0,0.0,69.0,69.0,69.0,8.0,34.5,0.0,0.0,8.0,4.0,0.0,0.0,0.0,1.5,0.0,0.0,0.0,0.0,24.427500000000002,655744.0,24.375,52657152.0,260263909.7275,1397296128.0,-1.0,4.0,0.0,0.0
2025-04-09 14:28:48,4.0,4.0,0.0,35.5,82.5,0.0,0.0,0.0,0.0,0.0,35.0,35.0,4.0,0.5,0.5,49.5,47.0,0.0,0.0,69.0,69.0,69.0,69.0,8.0,0.0,0.0,0.0,69.0,69.0,69.0,8.0,34.5,0.0,0.0,8.0,4.0,0.0,0.0,0.0,1.5,0.0,0.0,0.0,0.0,24.427500000000002,655744.0,24.375,52657152.0,260263909.7275,1397296128.0,-1.0,4.0,0.0,0.0
2025-04-09 14:28:49,4.0,4.0,0.0,35.5,82.5,0.0,0.0,0.0,0.0,0.0,35.0,35.0,4.0,0.5,0.5,49.5,47.0,0.0,0.0,69.0,69.0,69.0,69.0,8.0,0.0,0.0,0.0,69.0,69.0,69.0,8.0,34.5,0.0,0.0,8.0,4.0,0.0,0.0,0.0,1.5,0.0,0.0,0.0,0.0,24.42875,655744.0,24.375,52657152.0,260263909.7275,1397296128.0,-1.0,4.0,0.0,0.0
2025-04-09 14:28:50,4.0,4.0,0.0,35.5,82.5,0.0,0.0,0.0,0.0,0.0,35.0,35.0,4.0,0.5,0.5,49.5,47.0,0.0,0.0,69.0,69.0,69.0,69.0,8.0,0.0,0.0,0.0,69.0,69.0,69.0,8.0,34.5,0.0,0.0,8.0,4.0,0.0,0.0,0.0,1.5,0.0,0.0,0.0,0.0,24.42875,655744.0,24.375,52657152.0,260263909.7275,1397296128.0,-1.0,4.0,0.0,0.0
2025-04-09 14:28:51,4.0,4.0,0.0,35.5,82.5,0.0,0.0,0.0,0.0,0.0,35.0,35.0,4.0,0.5,0.5,49.5,47.0,0.0,0.0,69.0,69.0,69.0,69.0,8.0,0.0,0.0,0.0,69.0,69.0,69.0,8.0,34.5,0.0,0.0,8.0,4.0,0.0,0.0,0.0,1.5,0.0,0.0,0.0,0.0,24.42875,655744.0,24.375,52657152.0,260263909.7275,1397296128.0,-1.0,4.0,0.0,0.0
2025-04-09 14:28:52,4.0,4.0,0.0,35.5,82.5,0.0,0.0,0.0,0.0,0.0,35.0,35.0,4.0,0.5,0.5,49.5,47.0,0.0,0.0,69.0,69.0,69.0,69.0,8.0,0.0,0.0,0.0,69.0,69.0,69.0,8.0,34.5,0.0,0.0,8.0,4.0,0.0,0.0,0.0,1.5,0.0,0.0,0.0,0.0,24.42875,655744.0,24.375,52657152.0,260263909.7275,1397296128.0,-1.0,4.0,0.0,0.0
2025-04-09 14:28:53,4.0,4.0,0.0,35.5,82.5,0.0,0.0,0.0,0.0,0.0,35.0,35.0,4.0,0.5,0.5,49.5,47.0,0.0,0.0,69.0,69.0,69.0,69.0,8.0,0.0,0.0,0.0,69.0,69.0,69.0,8.0,34.5,0.0,0.0,8.0,4.0,0.0,0.0,0.0,1.5,0.0,0.0,0.0,0.0,24.42875,655744.0,24.375,52657152.0,260263909.7275,1397296128.0,-1.0,4.0,0.0,0.0
2025-04-09 14:28:54,4.0,4.0,0.0,35.5,82.5,0.0,0.0,0.0,0.0,0.0,35.0,35.0,4.0,0.5,0.5,49.5,47.0,0.0,0.0,69.0,69.0,69.0,69.0,8.0,0.0,0.0,0.0,69.0,69.0,69.0,8.0,34.5,0.0,0.0,8.0,4.0,0.0,0.0,0.0,1.5,0.0,0.0,0.0,0.0,24.43,655744.0,24.375,52657152.0,260263909.7275,1397296128.0,-1.0,4.0,0.0,0.0
2025-04-09 14:28:55,4.0,4.0,0.0,35.5,82.5,0.0,0.0,0.0,0.0,0.0,35.0,35.0,4.0,0.5,0.5,49.5,47.0,0.0,0.0,69.0,69.0,69.0,69.0,8.0,0.0,0.0,0.0,69.0,69.0,69.0,8.0,34.5,0.0,0.0,8.0,4.0,0.0,0.0,0.0,1.5,0.0,0.0,0.0,0.0,24.43125,655744.0,24.375,52657152.0,260263909.7275,1397296128.0,-1.0,4.0,0.0,0.0
2025-04-09 14:28:56,4.0,4.0,0.0,35.5,82.5,0.0,0.0,0.0,0.0,0.0,35.0,35.0,4.0,0.5,0.5,49.5,47.0,0.0,0.0,69.0,69.0,69.0,69.0,8.0,0.0,0.0,0.0,69.0,69.0,69.0,8.0,34.5,0.0,0.0,8.0,4.0,0.0,0.0,0.0,1.5,0.0,0.0,0.0,0.0,24.43125,655744.0,24.375,52657152.0,260263909.7275,1397296128.0,-1.0,4.0,0.0,0.0
2025-04-09 14:28:57,4.0,4.0,0.0,35.5,82.5,0.0,0.0,0.0,0.0,0.0,35.0,35.0,4.0,0.5,0.5,49.5,47.0,0.0,0.0,69.0,69.0,69.0,69.0,8.0,0.0,0.0,0.0,69.0,69.0,69.0,8.0,34.5,0.0,0.0,8.0,4.0,0.0,0.0,0.0,1.5,0.0,0.0,0.0,0.0,24.43125,655744.0,24.375,52657152.0,260263909.7275,1397296128.0,-1.0,4.0,0.0,0.0
2025-04-09 14:28:58,4.0,4.0,0.0,35.5,82.5,0.0,0.0,0.0,0.0,0.0,35.0,35.0,4.0,0.5,0.5,49.5,47.0,0.0,0.0,69.0,69.0,69.0,69.0,8.0,0.0,0.0,0.0,69.0,69.0,69.0,8.0,34.5,0.0,0.0,8.0,4.0,0.0,0.0,0.0,1.5,0.0,0.0,0.0,0.0,24.43125,655744.0,24.375,52657152.0,260263909.7275,1397296128.0,-1.0,4.0,0.0,0.0
2025-04-09 14:28:59,4.0,4.0,0.0,35.5,82.5,0.0,0.0,0.0,0.0,0.0,35.0,35.0,4.0,0.5,0.5,49.5,47.0,0.0,0.0,69.0,69.0,69.0,69.0,8.0,0.0,0.0,0.0,69.0,69.0,69.0,8.0,34.5,0.0,0.0,8.0,4.0,0.0,0.0,0.0,1.5,0.0,0.0,0.0,0.0,24.43125,655744.0,24.375,52657152.0,260263909.7275,1397296128.0,-1.0,4.0,0.0,0.0
2025-04-09 14:29:00,4.0,4.0,0.0,35.5,82.5,0.0,0.0,0.0,0.0,0.0,35.0,35.0,4.0,0.5,0.5,49.5,47.0,0.0,0.0,69.0,69.0,69.0,69.0,8.0,0.0,0.0,0.0,69.0,69.0,69.0,8.0,34.5,0.0,0.0,8.0,4.0,0.0,0.0,0.0,1.5,0.0,0.0,0.0,0.0,24.43125,655744.0,24.375,52657152.0,260263909.7275,1397296128.0,-1.0,4.0,0.0,0.0
2025-04-09 14:29:01,4.0,4.0,0.0,35.5,82.5,0.0,0.0,0.0,0.0,0.0,35.0,35.0,4.0,0.5,0.5,49.5,47.0,0.0,0.0,69.0,69.0,69.0,69.0,8.0,0.0,0.0,0.0,69.0,69.0,69.0,8.0,34.5,0.0,0.0,8.0,4.0,0.0,0.0,0.0,1.5,0.0,0.0,0.0,0.0,24.43125,655744.0,24.375,52657152.0,260263909.7275,1397296128.0,-1.0,4.0,0.0,0.0
2025-04-09 14:29:02,4.0,4.0,0.0,35.5,82.5,0.0,0.0,0.0,0.0,0.0,35.0,35.0,4.0,0.5,0.5,49.5,47.0,0.0,0.0,69.0,69.0,69.0,69.0,8.0,0.0,0.0,0.0,69.0,69.0,69.0,8.0,34.5,0.0,0.0,8.0,4.0,0.0,0.0,0.0,1.5,0.0,0.0,0.0,0.0,24.43125,655744.0,24.375,52657152.0,260263909.7275,1397296128.0,-1.0,4.0,0.0,0.0
2025-04-09 14:29:03,4.0,4.0,0.0,35.5,82.5,0.0,0.0,0.0,0.0,0.0,35.0,35.0,4.0,0.5,0.5,49.5,47.0,0.0,0.0,69.0,69.0,69.0,69.0,8.0,0.0,0.0,0.0,69.0,69.0,69.0,8.0,34.5,0.0,0.0,8.0,4.0,0.0,0.0,0.0,1.5,0.0,0.0,0.0,0.0,24.4325,655744.0,24.375,52657152.0,260263909.7275,1397296128.0,-1.0,4.0,0.0,0.0
2025-04-09 14:29:04,4.0,4.0,0.0,35.5,82.5,0.0,0.0,0.0,0.0,0.0,35.0,35.0,4.0,0.5,0.5,49.5,47.0,0.0,0.0,69.0,69.0,69.0,69.0,8.0,0.0,0.0,0.0,69.0,69.0,69.0,8.0,34.5,0.0,0.0,8.0,4.0,0.0,0.0,0.0,1.5,0.0,0.0,0.0,0.0,24.4325,655744.0,24.375,52657152.0,260263909.7275,1397296128.0,-1.0,4.0,0.0,0.0
2025-04-09 14:29:05,4.0,4.0,0.0,35.5,82.5,0.0,0.0,0.0,0.0,0.0,35.0,35.0,4.0,0.5,0.5,49.5,47.0,0.0,0.0,69.0,69.0,69.0,69.0,8.0,0.0,0.0,0.0,69.0,69.0,69.0,8.0,34.5,0.0,0.0,8.0,4.0,0.0,0.0,0.0,1.5,0.0,0.0,0.0,0.0,24.43375,655744.0,24.375,52657152.0,260263909.7275,1397296128.0,-1.0,4.0,0.0,0.0
2025-04-09 14:29:06,4.0,4.0,0.0,35.5,82.5,0.0,0.0,0.0,0.0,0.0,35.0,35.0,4.0,0.5,0.5,49.5,47.0,0.0,0.0,69.0,69.0,69.0,69.0,8.0,0.0,0.0,0.0,69.0,69.0,69.0,8.0,34.5,0.0,0.0,8.0,4.0,0.0,0.0,0.0,1.5,0.0,0.0,0.0,0.0,24.43375,655744.0,24.375,52657152.0,260263909.7275,1397296128.0,-1.0,4.0,0.0,0.0
2025-04-09 14:29:07,4.0,4.0,0.0,35.5,82.5,0.0,0.0,0.0,0.0,0.0,35.0,35.0,4.0,0.5,0.5,49.5,47.0,0.0,0.0,69.0,69.0,69.0,69.0,8.0,0.0,0.0,0.0,69.0,69.0,69.0,8.0,34.5,0.0,0.0,8.0,4.0,0.0,0.0,0.0,1.5,0.0,0.0,0.0,0.0,24.43375,655744.0,24.375,52657152.0,260263909.7275,1397296128.0,-1.0,4.0,0.0,0.0
2025-04-09 14:29:08,4.0,4.0,0.0,35.5,82.5,0.0,0.0,0.0,0.0,0.0,35.0,35.0,4.0,0.5,0.5,49.5,47.0,0.0,0.0,69.0,69.0,69.0,69.0,8.0,0.0,0.0,0.0,69.0,69.0,69.0,8.0,34.5,0.0,0.0,8.0,4.0,0.0,0.0,0.0,1.5,0.0,0.0,0.0,0.0,24.435,655744.0,24.375,52657152.0,260263909.7275,1397296128.0,-1.0,4.0,0.0,0.0
2025-04-09 14:29:09,4.0,4.0,0.0,35.5,82.5,0.0,0.0,0.0,0.0,0.0,35.0,35.0,4.0,0.5,0.5,49.5,47.0,0.0,0.0,69.0,69.0,69.0,69.0,8.0,0.0,0.0,0.0,69.0,69.0,69.0,8.0,34.5,0.0,0.0,8.0,4.0,0.0,0.0,0.0,1.5,0.0,0.0,0.0,0.0,24.435,655744.0,24.375,52657152.0,260263909.7275,1397296128.0,-1.0,4.0,0.0,0.0
2025-04-09 14:29:10,4.0,4.0,0.0,35.5,82.5,0.0,0.0,0.0,0.0,0.0,35.0,35.0,4.0,0.5,0.5,49.5,47.0,0.0,0.0,69.0,69.0,69.0,69.0,8.0,0.0,0.0,0.0,69.0,69.0,69.0,8.0,34.5,0.0,0.0,8.0,4.0,0.0,0.0,0.0,1.5,0.0,0.0,0.0,0.0,24.435,655744.0,24.375,52657152.0,260263909.7275,1397296128.0,-1.0,4.0,0.0,0.0
2025-04-09 14:29:11,4.0,4.0,0.0,35.5,82.5,0.0,0.0,0.0,0.0,0.0,35.0,35.0,4.0,0.5,0.5,49.5,47.0,0.0,0.0,69.0,69.0,69.0,69.0,8.0,0.0,0.0,0.0,69.0,69.0,69.0,8.0,34.5,0.0,0.0,8.0,4.0,0.0,0.0,0.0,1.5,0.0,0.0,0.0,0.0,24.435,655744.0,24.375,52657152.0,260263909.7275,1397296128.0,-1.0,4.0,0.0,0.0
2025-04-09 14:29:12,4.0,4.0,0.0,35.5,82.5,0.0,0.0,0.0,0.0,0.0,35.0,35.0,4.0,0.5,0.5,49.5,47.0,0.0,0.0,69.0,69.0,69.0,69.0,8.0,0.0,0.0,0.0,69.0,69.0,69.0,8.0,34.5,0.0,0.0,8.0,4.0,0.0,0.0,0.0,1.5,0.0,0.0,0.0,0.0,24.435,655744.0,24.375,52657152.0,260263909.7275,1397296128.0,-1.0,4.0,0.0,0.0
2025-04-09 14:29:13,4.0,4.0,0.0,35.5,82.5,0.0,0.0,0.0,0.0,0.0,35.0,35.0,4.0,0.5,0.5,49.5,47.0,0.0,0.0,69.0,69.0,69.0,69.0,8.0,0.0,0.0,0.0,69.0,69.0,69.0,8.0,34.5,0.0,0.0,8.0,4.0,0.0,0.0,0.0,1.5,0.0,0.0,0.0,0.0,24.43625,655744.0,24.375,52657152.0,260263909.7275,1397296128.0,-1.0,4.0,0.0,0.0
2025-04-09 14:29:14,4.0,4.0,0.0,35.5,82.5,0.0,0.0,0.0,0.0,0.0,35.0,35.0,4.0,0.5,0.5,49.5,47.0,0.0,0.0,69.0,69.0,69.0,69.0,8.0,0.0,0.0,0.0,69.0,69.0,69.0,8.0,34.5,0.0,0.0,8.0,4.0,0.0,0.0,0.0,1.5,0.0,0.0,0.0,0.0,24.43625,655744.0,24.375,52657152.0,260263909.7275,1397296128.0,-1.0,4.0,0.0,0.0
2025-04-09 14:29:15,4.0,4.0,0.0,35.5,82.5,0.0,0.0,0.0,0.0,0.0,35.0,35.0,4.0,0.5,0.5,49.5,47.0,0.0,0.0,69.0,69.0,69.0,69.0,8.0,0.0,0.0,0.0,69.0,69.0,69.0,8.0,34.5,0.0,0.0,8.0,4.0,0.0,0.0,0.0,1.5,0.0,0.0,0.0,0.0,24.43625,655744.0,24.5,52657152.0,260263909.7275,1397296128.0,-1.0,4.0,0.0,0.0
2025-04-09 14:29:16,4.0,4.0,0.0,35.5,82.5,0.0,0.0,0.0,0.0,0.0,35.0,35.0,4.0,0.5,0.5,49.5,47.0,0.0,0.0,69.0,69.0,69.0,69.0,8.0,0.0,0.0,0.0,69.0,69.0,69.0,8.0,34.5,0.0,0.0,8.0,4.0,0.0,0.0,0.0,1.5,0.0,0.0,0.0,0.0,24.43625,655744.0,24.5,52657152.0,260263909.7275,1397296128.0,-1.0,4.0,0.0,0.0
2025-04-09 14:29:17,4.0,4.0,0.0,35.5,82.5,0.0,0.0,0.0,0.0,0.0,35.0,35.0,4.0,0.5,0.5,49.5,47.0,0.0,0.0,69.0,69.0,69.0,69.0,8.0,0.0,0.0,0.0,69.0,69.0,69.0,8.0,34.5,0.0,0.0,8.0,4.0,0.0,0.0,0.0,1.5,0.0,0.0,0.0,0.0,24.4375,655744.0,24.5,52657152.0,260263909.7275,1397296128.0,-1.0,4.0,0.0,0.0
2025-04-09 14:29:18,4.0,4.0,0.0,35.5,82.5,0.0,0.0,0.0,0.0,0.0,35.0,35.0,4.0,0.5,0.5,49.5,47.0,0.0,0.0,69.0,69.0,69.0,69.0,8.0,0.0,0.0,0.0,69.0,69.0,69.0,8.0,34.5,0.0,0.0,8.0,4.0,0.0,0.0,0.0,1.5,0.0,0.0,0.0,0.0,24.4375,655744.0,24.5,52657152.0,260263909.7275,1397296128.0,-1.0,4.0,0.0,0.0
2025-04-09 14:29:19,4.0,4.0,0.0,35.5,82.5,0.0,0.0,0.0,0.0,0.0,35.0,35.0,4.0,0.5,0.5,49.5,47.0,0.0,0.0,69.0,69.0,69.0,69.0,8.0,0.0,0.0,0.0,69.0,69.0,69.0,8.0,34.5,0.0,0.0,8.0,4.0,0.0,0.0,0.0,1.5,0.0,0.0,0.0,0.0,24.4375,655744.0,24.5,52657152.0,260263909.7275,1397296128.0,-1.0,4.0,0.0,0.0
2025-04-09 14:29:20,4.0,4.0,0.0,35.5,82.5,0.0,0.0,0.0,0.0,0.0,35.0,35.0,4.0,0.5,0.5,49.5,47.0,0.0,0.0,69.0,69.0,69.0,69.0,8.0,0.0,0.0,0.0,69.0,69.0,69.0,8.0,34.5,0.0,0.0,8.0,4.0,0.0,0.0,0.0,1.5,0.0,0.0,0.0,0.0,24.4375,655744.0,24.5,52657152.0,260263909.7275,1397296128.0,-1.0,4.0,0.0,0.0
2025-04-09 14:29:21,4.0,4.0,0.0,35.5,82.5,0.0,0.0,0.0,0.0,0.0,35.0,35.0,4.0,0.5,0.5,49.5,47.0,0.0,0.0,69.0,69.0,69.0,69.0,8.0,0.0,0.0,0.0,69.0,69.0,69.0,8.0,34.5,0.0,0.0,8.0,4.0,0.0,0.0,0.0,1.5,0.0,0.0,0.0,0.0,24.4375,655744.0,24.5,52657152.0,260263909.7275,1397296128.0,-1.0,4.0,0.0,0.0
2025-04-09 14:29:22,4.0,4.0,0.0,35.5,82.5,0.0,0.0,0.0,0.0,0.0,35.0,35.0,4.0,0.5,0.5,49.5,47.0,0.0,0.0,69.0,69.0,69.0,69.0,8.0,0.0,0.0,0.0,69.0,69.0,69.0,8.0,34.5,0.0,0.0,8.0,4.0,0.0,0.0,0.0,1.5,0.0,0.0,0.0,0.0,24.43875,655744.0,24.5,52657152.0,260263909.7275,1397296128.0,-1.0,4.0,0.0,0.0
2025-04-09 14:29:23,4.0,4.0,0.0,35.5,82.5,0.0,0.0,0.0,0.0,0.0,35.0,35.0,4.0,0.5,0.5,49.5,47.0,0.0,0.0,69.0,69.0,69.0,69.0,8.0,0.0,0.0,0.0,69.0,69.0,69.0,8.0,34.5,0.0,0.0,8.0,4.0,0.0,0.0,0.0,1.5,0.0,0.0,0.0,0.0,24.43875,655744.0,24.5,52657152.0,260263909.7275,1397296128.0,-1.0,4.0,0.0,0.0
2025-04-09 14:29:24,4.0,4.0,0.0,35.5,82.5,0.0,0.0,0.0,0.0,0.0,35.0,35.0,4.0,0.5,0.5,49.5,47.0,0.0,0.0,69.0,69.0,69.0,69.0,8.0,0.0,0.0,0.0,69.0,69.0,69.0,8.0,34.5,0.0,0.0,8.0,4.0,0.0,0.0,0.0,1.5,0.0,0.0,0.0,0.0,24.43875,655744.0,24.5,52657152.0,260263909.7275,1397296128.0,-1.0,4.0,0.0,0.0
2025-04-09 14:29:25,4.0,4.0,0.0,35.5,82.5,0.0,0.0,0.0,0.0,0.0,35.0,35.0,4.0,0.5,0.5,49.5,47.0,0.0,0.0,69.0,69.0,69.0,69.0,8.0,0.0,0.0,0.0,69.0,69.0,69.0,8.0,34.5,0.0,0.0,8.0,4.0,0.0,0.0,0.0,1.5,0.0,0.0,0.0,0.0,24.43875,655744.0,24.375,52657152.0,260263909.7275,1397296128.0,-1.0,4.0,0.0,0.0
2025-04-09 14:29:26,4.0,4.0,0.0,35.5,82.5,0.0,0.0,0.0,0.0,0.0,35.0,35.0,4.0,0.5,0.5,49.5,47.0,0.0,0.0,69.0,69.0,69.0,69.0,8.0,0.0,0.0,0.0,69.0,69.0,69.0,8.0,34.5,0.0,0.0,8.0,4.0,0.0,0.0,0.0,1.5,0.0,0.0,0.0,0.0,24.43875,655744.0,24.375,52657152.0,260263909.7275,1397296128.0,-1.0,4.0,0.0,0.0
2025-04-09 14:29:27,4.0,4.0,0.0,35.5,82.5,0.0,0.0,0.0,0.0,0.0,35.0,35.0,4.0,0.5,0.5,49.5,47.0,0.0,0.0,69.0,69.0,69.0,69.0,8.0,0.0,0.0,0.0,69.0,69.0,69.0,8.0,34.5,0.0,0.0,8.0,4.0,0.0,0.0,0.0,1.5,0.0,0.0,0.0,0.0,24.44,655744.0,24.375,52657152.0,260263909.7275,1397296128.0,-1.0,4.0,0.0,0.0
2025-04-09 14:29:28,4.0,4.0,0.0,35.5,82.5,0.0,0.0,0.0,0.0,0.0,35.0,35.0,4.0,0.5,0.5,49.5,47.0,0.0,0.0,69.0,69.0,69.0,69.0,8.0,0.0,0.0,0.0,69.0,69.0,69.0,8.0,34.5,0.0,0.0,8.0,4.0,0.0,0.0,0.0,1.5,0.0,0.0,0.0,0.0,24.44125,655744.0,24.375,52657152.0,260263909.7275,1397296128.0,-1.0,4.0,0.0,0.0
2025-04-09 14:29:29,4.0,4.0,0.0,35.5,82.5,0.0,0.0,0.0,0.0,0.0,35.0,35.0,4.0,0.5,0.5,49.5,47.0,0.0,0.0,69.0,69.0,69.0,69.0,8.0,0.0,0.0,0.0,69.0,69.0,69.0,8.0,34.5,0.0,0.0,8.0,4.0,0.0,0.0,0.0,1.5,0.0,0.0,0.0,0.0,24.44125,655744.0,24.375,52657152.0,260263909.7275,1397296128.0,-1.0,4.0,0.0,0.0
2025-04-09 14:29:30,4.0,4.0,0.0,35.5,82.5,0.0,0.0,0.0,0.0,0.0,35.0,35.0,4.0,0.5,0.5,49.5,47.0,0.0,0.0,69.0,69.0,69.0,69.0,8.0,0.0,0.0,0.0,69.0,69.0,69.0,8.0,34.5,0.0,0.0,8.0,4.0,0.0,0.0,0.0,1.5,0.0,0.0,0.0,0.0,24.44125,655744.0,24.375,52657152.0,260263909.7275,1397296128.0,-1.0,4.0,0.0,0.0
2025-04-09 14:29:31,4.0,4.0,0.0,35.5,82.5,0.0,0.0,0.0,0.0,0.0,35.0,35.0,4.0,0.5,0.5,49.5,47.0,0.0,0.0,69.0,69.0,69.0,69.0,8.0,0.0,0.0,0.0,69.0,69.0,69.0,8.0,34.5,0.0,0.0,8.0,4.0,0.0,0.0,0.0,1.5,0.0,0.0,0.0,0.0,24.44125,655744.0,24.375,52657152.0,260263909.7275,1397296128.0,-1.0,4.0,0.0,0.0
2025-04-09 14:29:32,4.0,4.0,0.0,35.5,82.5,0.0,0.0,0.0,0.0,0.0,35.0,35.0,4.0,0.5,0.5,49.5,47.0,0.0,0.0,69.0,69.0,69.0,69.0,8.0,0.0,0.0,0.0,69.0,69.0,69.0,8.0,34.5,0.0,0.0,8.0,4.0,0.0,0.0,0.0,1.5,0.0,0.0,0.0,0.0,24.44125,655744.0,24.375,52657152.0,260263909.7275,1397296128.0,-1.0,4.0,0.0,0.0
2025-04-09 14:29:33,4.0,4.0,0.0,35.5,82.5,0.0,0.0,0.0,0.0,0.0,35.0,35.0,4.0,0.5,0.5,49.5,47.0,0.0,0.0,69.0,69.0,69.0,69.0,8.0,0.0,0.0,0.0,69.0,69.0,69.0,8.0,34.5,0.0,0.0,8.0,4.0,0.0,0.0,0.0,1.5,0.0,0.0,0.0,0.0,24.44125,655744.0,24.375,52657152.0,260263909.7275,1397296128.0,-1.0,4.0,0.0,0.0
2025-04-09 14:29:34,4.0,4.0,0.0,35.5,82.5,0.0,0.0,0.0,0.0,0.0,35.0,35.0,4.0,0.5,0.5,49.5,47.0,0.0,0.0,69.0,69.0,69.0,69.0,8.0,0.0,0.0,0.0,69.0,69.0,69.0,8.0,34.5,0.0,0.0,8.0,4.0,0.0,0.0,0.0,1.5,0.0,0.0,0.0,0.0,24.4425,655744.0,24.375,52657152.0,260263909.7275,1397296128.0,-1.0,4.0,0.0,0.0
2025-04-09 14:29:35,4.0,4.0,0.0,35.5,82.5,0.0,0.0,0.0,0.0,0.0,35.0,35.0,4.0,0.5,0.5,49.5,47.0,0.0,0.0,69.0,69.0,69.0,69.0,8.0,0.0,0.0,0.0,69.0,69.0,69.0,8.0,34.5,0.0,0.0,8.0,4.0,0.0,0.0,0.0,1.5,0.0,0.0,0.0,0.0,24.4425,655744.0,24.375,52657152.0,260263909.7275,1397296128.0,-1.0,4.0,0.0,0.0
2025-04-09 14:29:36,4.0,4.0,0.0,35.5,82.5,0.0,0.0,0.0,0.0,0.0,35.0,35.0,4.0,0.5,0.5,49.5,47.0,0.0,0.0,69.0,69.0,69.0,69.0,8.0,0.0,0.0,0.0,69.0,69.0,69.0,8.0,34.5,0.0,0.0,8.0,4.0,0.0,0.0,0.0,1.5,0.0,0.0,0.0,0.0,24.4425,655744.0,24.375,52657152.0,260263909.7275,1397296128.0,-1.0,4.0,0.0,0.0
2025-04-09 14:29:37,4.0,4.0,0.0,35.5,82.5,0.0,0.0,0.0,0.0,0.0,35.0,35.0,4.0,0.5,0.5,49.5,47.0,0.0,0.0,69.0,69.0,69.0,69.0,8.0,0.0,0.0,0.0,69.0,69.0,69.0,8.0,34.5,0.0,0.0,8.0,4.0,0.0,0.0,0.0,1.5,0.0,0.0,0.0,0.0,24.4425,655744.0,24.375,52657152.0,260263909.7275,1397296128.0,-1.0,4.0,0.0,0.0
2025-04-09 14:29:38,4.0,4.0,0.0,35.5,82.5,0.0,0.0,0.0,0.0,0.0,35.0,35.0,4.0,0.5,0.5,49.5,47.0,0.0,0.0,69.0,69.0,69.0,69.0,8.0,0.0,0.0,0.0,69.0,69.0,69.0,8.0,34.5,0.0,0.0,8.0,4.0,0.0,0.0,0.0,1.5,0.0,0.0,0.0,0.0,24.4425,655744.0,24.375,52657152.0,260263909.7275,1397296128.0,-1.0,4.0,0.0,0.0
2025-04-09 14:29:39,4.0,4.0,0.0,35.5,82.5,0.0,0.0,0.0,0.0,0.0,35.0,35.0,4.0,0.5,0.5,49.5,47.0,0.0,0.0,69.0,69.0,69.0,69.0,8.0,0.0,0.0,0.0,69.0,69.0,69.0,8.0,34.5,0.0,0.0,8.0,4.0,0.0,0.0,0.0,1.5,0.0,0.0,0.0,0.0,24.4425,655744.0,24.375,52657152.0,260263909.7275,1397296128.0,-1.0,4.0,0.0,0.0
2025-04-09 14:29:40,4.0,4.0,0.0,35.5,82.5,0.0,0.0,0.0,0.0,0.0,35.0,35.0,4.0,0.5,0.5,49.5,47.0,0.0,0.0,69.0,69.0,69.0,69.0,8.0,0.0,0.0,0.0,69.0,69.0,69.0,8.0,34.5,0.0,0.0,8.0,4.0,0.0,0.0,0.0,1.5,0.0,0.0,0.0,0.0,24.44375,655744.0,24.375,52657152.0,260263909.7275,1397296128.0,-1.0,4.0,0.0,0.0
2025-04-09 14:29:41,4.0,4.0,0.0,35.5,82.5,0.0,0.0,0.0,0.0,0.0,35.0,35.0,4.0,0.5,0.5,49.5,47.0,0.0,0.0,69.0,69.0,69.0,69.0,8.0,0.0,0.0,0.0,69.0,69.0,69.0,8.0,34.5,0.0,0.0,8.0,4.0,0.0,0.0,0.0,1.5,0.0,0.0,0.0,0.0,24.44375,655744.0,24.375,52657152.0,260263909.7275,1397296128.0,-1.0,4.0,0.0,0.0
2025-04-09 14:29:42,4.0,4.0,0.0,35.5,82.5,0.0,0.0,0.0,0.0,0.0,35.0,35.0,4.0,0.5,0.5,49.5,47.0,0.0,0.0,69.0,69.0,69.0,69.0,8.0,0.0,0.0,0.0,69.0,69.0,69.0,8.0,69.0,0.0,0.0,8.0,8.0,0.0,0.0,0.0,1.5,0.0,0.0,0.0,0.0,26.50857142857143,749275.4285714285,26.142857142857142,54307693.71428572,289916493.4028571,1543586377.142857,-1.0,4.0,0.0,0.0
2025-04-09 14:29:43,4.0,4.0,0.0,35.5,82.5,0.0,0.0,0.0,0.0,0.0,35.0,35.0,4.0,0.5,0.5,49.5,47.0,0.0,0.0,69.0,69.0,69.0,69.0,8.0,0.0,0.0,0.0,69.0,69.0,69.0,8.0,34.5,0.0,0.0,8.0,4.0,0.0,0.0,0.0,1.5,0.0,0.0,0.0,0.0,24.445,655744.0,24.375,52657152.0,260263909.7275,1397296128.0,-1.0,4.0,0.0,0.0
2025-04-09 14:29:44,4.0,4.0,0.0,35.5,82.5,0.0,0.0,0.0,0.0,0.0,35.0,35.0,4.0,0.5,0.5,49.5,47.0,0.0,0.0,69.0,69.0,69.0,69.0,8.0,0.0,0.0,0.0,69.0,69.0,69.0,8.0,34.5,0.0,0.0,8.0,4.0,0.0,0.0,0.0,1.5,0.0,0.0,0.0,0.0,24.445,655744.0,24.375,52657152.0,260263909.7275,1397296128.0,-1.0,4.0,0.0,0.0
2025-04-09 14:29:45,4.0,4.0,0.0,35.5,82.5,0.0,0.0,0.0,0.0,0.0,35.0,35.0,4.0,0.5,0.5,49.5,47.0,0.0,0.0,69.0,69.0,69.0,69.0,8.0,0.0,0.0,0.0,69.0,69.0,69.0,8.0,34.5,0.0,0.0,8.0,4.0,0.0,0.0,0.0,1.5,0.0,0.0,0.0,0.0,24.445,655744.0,24.375,52657152.0,260263909.7275,1397296128.0,-1.0,4.0,0.0,0.0
2025-04-09 14:29:46,4.0,4.0,0.0,35.5,82.5,0.0,0.0,0.0,0.0,0.0,35.0,35.0,4.0,0.5,0.5,49.5,47.0,0.0,0.0,69.0,69.0,69.0,69.0,8.0,0.0,0.0,0.0,69.0,69.0,69.0,8.0,34.5,0.0,0.0,8.0,4.0,0.0,0.0,0.0,1.5,0.0,0.0,0.0,0.0,24.445,655744.0,24.375,52657152.0,260263909.7275,1397296128.0,-1.0,4.0,0.0,0.0
2025-04-09 14:29:47,4.0,4.0,0.0,35.5,82.5,0.0,0.0,0.0,0.0,0.0,35.0,35.0,4.0,0.5,0.5,49.5,47.0,0.0,0.0,69.0,69.0,69.0,69.0,8.0,0.0,0.0,0.0,69.0,69.0,69.0,8.0,34.5,0.0,0.0,8.0,4.0,0.0,0.0,0.0,1.5,0.0,0.0,0.0,0.0,24.445,655744.0,24.375,52657152.0,260263909.7275,1397296128.0,-1.0,4.0,0.0,0.0
2025-04-09 14:29:48,4.0,4.0,0.0,35.5,82.5,0.0,0.0,0.0,0.0,0.0,35.0,35.0,4.0,0.5,0.5,49.5,47.0,0.0,0.0,69.0,69.0,69.0,69.0,8.0,0.0,0.0,0.0,69.0,69.0,69.0,8.0,34.5,0.0,0.0,8.0,4.0,0.0,0.0,0.0,1.5,0.0,0.0,0.0,0.0,24.44625,655744.0,24.375,52657152.0,260263909.7275,1397296128.0,-1.0,4.0,0.0,0.0
2025-04-09 14:29:49,4.0,4.0,0.0,35.5,82.5,0.0,0.0,0.0,0.0,0.0,35.0,35.0,4.0,0.5,0.5,49.5,47.0,0.0,0.0,69.0,69.0,69.0,69.0,8.0,0.0,0.0,0.0,69.0,69.0,69.0,8.0,34.5,0.0,0.0,8.0,4.0,0.0,0.0,0.0,1.5,0.0,0.0,0.0,0.0,24.44625,655744.0,24.375,52657152.0,260263909.7275,1397296128.0,-1.0,4.0,0.0,0.0
2025-04-09 14:29:50,4.0,4.0,0.0,35.5,82.5,0.0,0.0,0.0,0.0,0.0,35.0,35.0,4.0,0.5,0.5,49.5,47.0,0.0,0.0,69.0,69.0,69.0,69.0,8.0,0.0,0.0,0.0,69.0,69.0,69.0,8.0,34.5,0.0,0.0,8.0,4.0,0.0,0.0,0.0,1.5,0.0,0.0,0.0,0.0,24.44625,655744.0,24.375,52657152.0,260263909.7275,1397296128.0,-1.0,4.0,0.0,0.0
2025-04-09 14:29:51,4.0,4.0,0.0,35.5,82.5,0.0,0.0,0.0,0.0,0.0,35.0,35.0,4.0,0.5,0.5,49.5,47.0,0.0,0.0,69.0,69.0,69.0,69.0,8.0,0.0,0.0,0.0,69.0,69.0,69.0,8.0,34.5,0.0,0.0,8.0,4.0,0.0,0.0,0.0,1.5,0.0,0.0,0.0,0.0,24.44625,655744.0,24.375,52657152.0,260263909.7275,1397296128.0,-1.0,4.0,0.0,0.0
2025-04-09 14:29:52,4.0,4.0,0.0,35.5,82.5,0.0,0.0,0.0,0.0,0.0,35.0,35.0,4.0,0.5,0.5,49.5,47.0,0.0,0.0,69.0,69.0,69.0,69.0,8.0,0.0,0.0,0.0,69.0,69.0,69.0,8.0,34.5,0.0,0.0,8.0,4.0,0.0,0.0,0.0,1.5,0.0,0.0,0.0,0.0,24.447499999999998,655744.0,24.375,52690432.0,260263909.7275,1397296128.0,-1.0,4.0,0.0,0.0
2025-04-09 14:29:53,4.0,4.0,0.0,35.5,82.5,0.0,0.0,0.0,0.0,0.0,35.0,35.0,4.0,0.5,0.5,49.5,47.0,0.0,0.0,69.0,69.0,69.0,69.0,8.0,0.0,0.0,0.0,69.0,69.0,69.0,8.0,34.5,0.0,0.0,8.0,4.0,0.0,0.0,0.0,1.5,0.0,0.0,0.0,0.0,24.44875,655744.0,24.5,52690432.0,260263909.7275,1397296128.0,-1.0,4.0,0.0,0.0
2025-04-09 14:29:54,4.0,4.0,0.0,35.5,82.5,0.0,0.0,0.0,0.0,0.0,35.0,35.0,4.0,0.5,0.5,49.5,47.0,0.0,0.0,69.0,69.0,69.0,69.0,8.0,0.0,0.0,0.0,69.0,69.0,69.0,8.0,34.5,0.0,0.0,8.0,4.0,0.0,0.0,0.0,1.5,0.0,0.0,0.0,0.0,24.44875,655744.0,24.5,52690432.0,260263909.7275,1397296128.0,-1.0,4.0,0.0,0.0
2025-04-09 14:29:55,4.0,4.0,0.0,35.5,82.5,0.0,0.0,0.0,0.0,0.0,35.0,35.0,4.0,0.5,0.5,49.5,47.0,0.0,0.0,69.0,69.0,69.0,69.0,8.0,0.0,0.0,0.0,69.0,69.0,69.0,8.0,34.5,0.0,0.0,8.0,4.0,0.0,0.0,0.0,1.5,0.0,0.0,0.0,0.0,24.44875,655744.0,24.5,52690432.0,260263909.7275,1397296128.0,-1.0,4.0,0.0,0.0
2025-04-09 14:29:56,4.0,4.0,0.0,35.5,82.5,0.0,0.0,0.0,0.0,0.0,35.0,35.0,4.0,0.5,0.5,49.5,47.0,0.0,0.0,69.0,69.0,69.0,69.0,8.0,0.0,0.0,0.0,69.0,69.0,69.0,8.0,34.5,0.0,0.0,8.0,4.0,0.0,0.0,0.0,1.5,0.0,0.0,0.0,0.0,24.44875,655744.0,24.5,52690432.0,260263909.7275,1397296128.0,-1.0,4.0,0.0,0.0
2025-04-09 14:29:57,4.0,4.0,0.0,35.5,82.5,0.0,0.0,0.0,0.0,0.0,35.0,35.0,4.0,0.5,0.5,49.5,47.0,0.0,0.0,69.0,69.0,69.0,69.0,8.0,0.0,0.0,0.0,69.0,69.0,69.0,8.0,34.5,0.0,0.0,8.0,4.0,0.0,0.0,0.0,1.5,0.0,0.0,0.0,0.0,24.44875,655744.0,24.5,52690432.0,260263909.7275,1397296128.0,-1.0,4.0,0.0,0.0
2025-04-09 14:29:58,4.0,4.0,0.0,35.5,82.5,0.0,0.0,0.0,0.0,0.0,35.0,35.0,4.0,0.5,0.5,49.5,47.0,0.0,0.0,69.0,69.0,69.0,69.0,8.0,0.0,0.0,0.0,69.0,69.0,69.0,8.0,34.5,0.0,0.0,8.0,4.0,0.0,0.0,0.0,1.5,0.0,0.0,0.0,0.0,24.44875,655744.0,24.5,52690432.0,260263909.7275,1397296128.0,-1.0,4.0,0.0,0.0
2025-04-09 14:29:59,4.0,4.0,0.0,35.5,82.5,0.0,0.0,0.0,0.0,0.0,35.0,35.0,4.0,0.5,0.5,49.5,47.0,0.0,0.0,69.0,69.0,69.0,69.0,8.0,0.0,0.0,0.0,69.0,69.0,69.0,8.0,34.5,0.0,0.0,8.0,4.0,0.0,0.0,0.0,1.5,0.0,0.0,0.0,0.0,24.45,655744.0,24.5,52690432.0,260263909.7275,1397296128.0,-1.0,4.0,0.0,0.0
2025-04-09 14:30:00,4.0,4.0,0.0,35.5,82.5,0.0,0.0,0.0,0.0,0.0,35.0,35.0,4.0,0.5,0.5,49.5,47.0,0.0,0.0,69.0,69.0,69.0,69.0,8.0,0.0,0.0,0.0,69.0,69.0,69.0,8.0,34.5,0.0,0.0,8.0,4.0,0.0,0.0,0.0,1.5,0.0,0.0,0.0,0.0,24.45,655744.0,24.5,52690432.0,260263909.7275,1397296128.0,-1.0,4.0,0.0,0.0
2025-04-09 14:30:01,4.0,4.0,0.0,35.5,82.5,0.0,0.0,0.0,0.0,0.0,35.0,35.0,4.0,0.5,0.5,49.5,47.0,0.0,0.0,69.0,69.0,69.0,69.0,8.0,0.0,0.0,0.0,69.0,69.0,69.0,8.0,34.5,0.0,0.0,8.0,4.0,0.0,0.0,0.0,1.5,0.0,0.0,0.0,0.0,24.45,655744.0,24.5,52690432.0,260263909.7275,1397296128.0,-1.0,4.0,0.0,0.0
2025-04-09 14:30:02,4.0,4.0,0.0,35.5,82.5,0.0,0.0,0.0,0.0,0.0,35.0,35.0,4.0,0.5,0.5,49.5,47.0,0.0,0.0,69.0,69.0,69.0,69.0,8.0,0.0,0.0,0.0,69.0,69.0,69.0,8.0,34.5,0.0,0.0,8.0,4.0,0.0,0.0,0.0,1.5,0.0,0.0,0.0,0.0,24.45125,655744.0,24.5,52690432.0,260263909.7275,1397296128.0,-1.0,4.0,0.0,0.0
2025-04-09 14:30:03,4.0,4.0,0.0,35.5,82.5,0.0,0.0,0.0,0.0,0.0,35.0,35.0,4.0,0.5,0.5,49.5,47.0,0.0,0.0,69.0,69.0,69.0,69.0,8.0,0.0,0.0,0.0,69.0,69.0,69.0,8.0,34.5,0.0,0.0,8.0,4.0,0.0,0.0,0.0,1.5,0.0,0.0,0.0,0.0,24.45125,655744.0,24.375,52690432.0,260263909.7275,1397296128.0,-1.0,4.0,0.0,0.0
2025-04-09 14:30:04,4.0,4.0,0.0,35.5,82.5,0.0,0.0,0.0,0.0,0.0,35.0,35.0,4.0,0.5,0.5,49.5,47.0,0.0,0.0,69.0,69.0,69.0,69.0,8.0,0.0,0.0,0.0,69.0,69.0,69.0,8.0,34.5,0.0,0.0,8.0,4.0,0.0,0.0,0.0,1.5,0.0,0.0,0.0,0.0,24.45125,655744.0,24.375,52690432.0,260263909.7275,1397296128.0,-1.0,4.0,0.0,0.0
2025-04-09 14:30:05,4.0,4.0,0.0,35.5,82.5,0.0,0.0,0.0,0.0,0.0,35.0,35.0,4.0,0.5,0.5,49.5,47.0,0.0,0.0,69.0,69.0,69.0,69.0,8.0,0.0,0.0,0.0,69.0,69.0,69.0,8.0,34.5,0.0,0.0,8.0,4.0,0.0,0.0,0.0,1.5,0.0,0.0,0.0,0.0,24.45125,655744.0,24.375,52690432.0,260263909.7275,1397296128.0,-1.0,4.0,0.0,0.0
2025-04-09 14:30:06,4.0,4.0,0.0,35.5,82.5,0.0,0.0,0.0,0.0,0.0,35.0,35.0,4.0,0.5,0.5,49.5,47.0,0.0,0.0,69.0,69.0,69.0,69.0,8.0,0.0,0.0,0.0,69.0,69.0,69.0,8.0,34.5,0.0,0.0,8.0,4.0,0.0,0.0,0.0,1.5,0.0,0.0,0.0,0.0,24.4525,655744.0,24.375,52690432.0,260263909.7275,1397296128.0,-1.0,4.0,0.0,0.0
2025-04-09 14:30:07,4.0,4.0,0.0,35.5,82.5,0.0,0.0,0.0,0.0,0.0,35.0,35.0,4.0,0.5,0.5,49.5,47.0,0.0,0.0,69.0,69.0,69.0,69.0,8.0,0.0,0.0,0.0,69.0,69.0,69.0,8.0,34.5,0.0,0.0,8.0,4.0,0.0,0.0,0.0,1.5,0.0,0.0,0.0,0.0,24.4525,655744.0,24.375,52690432.0,260263909.7275,1397296128.0,-1.0,4.0,0.0,0.0
2025-04-09 14:30:08,4.0,4.0,0.0,35.5,82.5,0.0,0.0,0.0,0.0,0.0,35.0,35.0,4.0,0.5,0.5,49.5,47.0,0.0,0.0,69.0,69.0,69.0,69.0,8.0,0.0,0.0,0.0,69.0,69.0,69.0,8.0,34.5,0.0,0.0,8.0,4.0,0.0,0.0,0.0,1.5,0.0,0.0,0.0,0.0,24.4525,655744.0,24.375,52690432.0,260263909.7275,1397296128.0,-1.0,4.0,0.0,0.0
2025-04-09 14:30:09,4.0,4.0,0.0,35.5,82.5,0.0,0.0,0.0,0.0,0.0,35.0,35.0,4.0,0.5,0.5,49.5,47.0,0.0,0.0,69.0,69.0,69.0,69.0,8.0,0.0,0.0,0.0,69.0,69.0,69.0,8.0,34.5,0.0,0.0,8.0,4.0,0.0,0.0,0.0,1.5,0.0,0.0,0.0,0.0,24.4525,655744.0,24.375,52690432.0,260263909.7275,1397296128.0,-1.0,4.0,0.0,0.0
2025-04-09 14:30:10,4.0,4.0,0.0,35.5,82.5,0.0,0.0,0.0,0.0,0.0,35.0,35.0,4.0,0.5,0.5,49.5,47.0,0.0,0.0,69.0,69.0,69.0,69.0,8.0,0.0,0.0,0.0,69.0,69.0,69.0,8.0,34.5,0.0,0.0,8.0,4.0,0.0,0.0,0.0,1.5,0.0,0.0,0.0,0.0,24.4525,655744.0,24.375,52690432.0,260263909.7275,1397296128.0,-1.0,4.0,0.0,0.0
2025-04-09 14:30:11,4.0,4.0,0.0,35.5,82.5,0.0,0.0,0.0,0.0,0.0,35.0,35.0,4.0,0.5,0.5,49.5,47.0,0.0,0.0,69.0,69.0,69.0,69.0,8.0,0.0,0.0,0.0,69.0,69.0,69.0,8.0,34.5,0.0,0.0,8.0,4.0,0.0,0.0,0.0,1.5,0.0,0.0,0.0,0.0,24.4525,655744.0,24.375,52690432.0,260263909.7275,1397296128.0,-1.0,4.0,0.0,0.0
2025-04-09 14:30:12,4.0,4.0,0.0,35.5,82.5,0.0,0.0,0.0,0.0,0.0,35.0,35.0,4.0,0.5,0.5,49.5,47.0,0.0,0.0,69.0,69.0,69.0,69.0,8.0,0.0,0.0,0.0,69.0,69.0,69.0,8.0,34.5,0.0,0.0,8.0,4.0,0.0,0.0,0.0,1.5,0.0,0.0,0.0,0.0,24.45375,655744.0,24.375,52690432.0,260263909.7275,1397296128.0,-1.0,4.0,0.0,0.0
2025-04-09 14:30:13,4.0,4.0,0.0,35.5,82.5,0.0,0.0,0.0,0.0,0.0,35.0,35.0,4.0,0.5,0.5,49.5,47.0,0.0,0.0,69.0,69.0,69.0,69.0,8.0,0.0,0.0,0.0,69.0,69.0,69.0,8.0,34.5,0.0,0.0,8.0,4.0,0.0,0.0,0.0,1.5,0.0,0.0,0.0,0.0,24.45375,655744.0,24.375,52690432.0,260263909.7275,1397296128.0,-1.0,4.0,0.0,0.0
2025-04-09 14:30:14,4.0,4.0,0.0,35.5,82.5,0.0,0.0,0.0,0.0,0.0,35.0,35.0,4.0,0.5,0.5,49.5,47.0,0.0,0.0,69.0,69.0,69.0,69.0,8.0,0.0,0.0,0.0,69.0,69.0,69.0,8.0,34.5,0.0,0.0,8.0,4.0,0.0,0.0,0.0,1.5,0.0,0.0,0.0,0.0,24.45375,655744.0,24.375,52690432.0,260263909.7275,1397296128.0,-1.0,4.0,0.0,0.0
2025-04-09 14:30:15,4.0,4.0,0.0,35.5,82.5,0.0,0.0,0.0,0.0,0.0,35.0,35.0,4.0,0.5,0.5,49.5,47.0,0.0,0.0,69.0,69.0,69.0,69.0,8.0,0.0,0.0,0.0,69.0,69.0,69.0,8.0,34.5,0.0,0.0,8.0,4.0,0.0,0.0,0.0,1.5,0.0,0.0,0.0,0.0,24.45375,655744.0,24.375,52690432.0,260263909.7275,1397296128.0,-1.0,4.0,0.0,0.0
2025-04-09 14:30:16,4.0,4.0,0.0,35.5,82.5,0.0,0.0,0.0,0.0,0.0,35.0,35.0,4.0,0.5,0.5,49.5,47.0,0.0,0.0,69.0,69.0,69.0,69.0,8.0,0.0,0.0,0.0,69.0,69.0,69.0,8.0,34.5,0.0,0.0,8.0,4.0,0.0,0.0,0.0,1.5,0.0,0.0,0.0,0.0,24.45375,655744.0,24.375,52690432.0,260263909.7275,1397296128.0,-1.0,4.0,0.0,0.0
2025-04-09 14:30:17,4.0,4.0,0.0,35.5,82.5,0.0,0.0,0.0,0.0,0.0,35.0,35.0,4.0,0.5,0.5,49.5,47.0,0.0,0.0,69.0,69.0,69.0,69.0,8.0,0.0,0.0,0.0,69.0,69.0,69.0,8.0,34.5,0.0,0.0,8.0,4.0,0.0,0.0,0.0,1.5,0.0,0.0,0.0,0.0,24.455,655744.0,24.375,52690432.0,260263909.7275,1397296128.0,-1.0,4.0,0.0,0.0
2025-04-09 14:30:18,4.0,4.0,0.0,35.5,82.5,0.0,0.0,0.0,0.0,0.0,35.0,35.0,4.0,0.5,0.5,49.5,47.0,0.0,0.0,69.0,69.0,69.0,69.0,8.0,0.0,0.0,0.0,69.0,69.0,69.0,8.0,34.5,0.0,0.0,8.0,4.0,0.0,0.0,0.0,1.5,0.0,0.0,0.0,0.0,24.455,655744.0,24.375,52638208.0,260263909.7275,1397296128.0,-1.0,2.0,0.0,0.0
2025-04-09 14:30:19,4.0,4.0,0.0,35.5,82.5,0.0,0.0,0.0,0.0,0.0,35.0,35.0,4.0,0.5,0.5,49.5,47.0,0.0,0.0,69.0,69.0,69.0,69.0,8.0,0.0,0.0,0.0,69.0,69.0,69.0,8.0,34.5,0.0,0.0,8.0,4.0,0.0,0.0,0.0,1.5,0.0,0.0,0.0,0.0,24.45625,655744.0,24.375,52638208.0,260263909.7275,1397296128.0,-1.0,0.0,0.0,0.0
2025-04-09 14:30:20,4.0,4.0,0.0,35.5,82.5,0.0,0.0,0.0,0.0,0.0,35.0,35.0,4.0,0.5,0.5,49.5,47.0,0.0,0.0,69.0,69.0,69.0,69.0,8.0,0.0,0.0,0.0,69.0,69.0,69.0,8.0,34.5,0.0,0.0,8.0,4.0,0.0,0.0,0.0,1.5,0.0,0.0,0.0,0.0,24.45625,655744.0,24.375,52638208.0,260263909.7275,1397296128.0,-1.0,0.0,0.0,0.0
2025-04-09 14:30:21,4.0,4.0,0.0,35.5,82.5,0.0,0.0,0.0,0.0,0.0,35.0,35.0,4.0,0.5,0.5,49.5,47.0,0.0,0.0,69.0,69.0,69.0,69.0,8.0,0.0,0.0,0.0,69.0,69.0,69.0,8.0,34.5,0.0,0.0,8.0,4.0,0.0,0.0,0.0,1.5,0.0,0.0,0.0,0.0,24.45625,655744.0,24.375,52638208.0,260263909.7275,1397296128.0,-1.0,0.0,0.0,0.0
2025-04-09 14:30:22,4.0,4.0,0.0,35.5,82.5,0.0,0.0,0.0,0.0,0.0,35.0,35.0,4.0,0.5,0.5,49.5,47.0,0.0,0.0,69.0,69.0,69.0,69.0,8.0,0.0,0.0,0.0,69.0,69.0,69.0,8.0,34.5,0.0,0.0,8.0,4.0,0.0,0.0,0.0,1.5,0.0,0.0,0.0,0.0,24.45625,655744.0,24.375,52638208.0,260263909.7275,1397296128.0,-1.0,0.0,0.0,0.0
2025-04-09 14:30:23,4.0,4.0,0.0,35.5,82.5,0.0,0.0,0.0,0.0,0.0,35.0,35.0,4.0,0.5,0.5,49.5,47.0,0.0,0.0,69.0,69.0,69.0,69.0,8.0,0.0,0.0,0.0,69.0,69.0,69.0,8.0,34.5,0.0,0.0,8.0,4.0,0.0,0.0,0.0,1.5,0.0,0.0,0.0,0.0,24.45625,655744.0,24.375,52638208.0,260263909.7275,1397296128.0,-1.0,0.0,0.0,0.0
2025-04-09 14:30:24,4.0,4.0,0.0,35.5,82.5,0.0,0.0,0.0,0.0,0.0,35.0,35.0,4.0,0.5,0.5,49.5,47.0,0.0,0.0,69.0,69.0,69.0,69.0,8.0,0.0,0.0,0.0,69.0,69.0,69.0,8.0,34.5,0.0,0.0,8.0,4.0,0.0,0.0,0.0,1.5,0.0,0.0,0.0,0.0,24.4575,655744.0,24.375,52638208.0,260263909.7275,1397296128.0,-1.0,0.0,0.0,0.0
2025-04-09 14:30:25,4.0,4.0,0.0,35.5,82.5,0.0,0.0,0.0,0.0,0.0,35.0,35.0,4.0,0.5,0.5,49.5,47.0,0.0,0.0,69.0,69.0,69.0,69.0,8.0,0.0,0.0,0.0,69.0,69.0,69.0,8.0,34.5,0.0,0.0,8.0,4.0,0.0,0.0,0.0,1.5,0.0,0.0,0.0,0.0,24.4575,655744.0,24.375,52638208.0,260263909.7275,1397296128.0,-1.0,0.0,0.0,0.0
2025-04-09 14:30:26,4.0,4.0,0.0,35.5,82.5,0.0,0.0,0.0,0.0,0.0,35.0,35.0,4.0,0.5,0.5,49.5,47.0,0.0,0.0,69.0,69.0,69.0,69.0,8.0,0.0,0.0,0.0,69.0,69.0,69.0,8.0,34.5,0.0,0.0,8.0,4.0,0.0,0.0,0.0,1.5,0.0,0.0,0.0,0.0,24.4575,655744.0,24.375,52638208.0,260263909.7275,1397296128.0,-1.0,0.0,0.0,0.0
2025-04-09 14:30:27,4.0,4.0,0.0,35.5,82.5,0.0,0.0,0.0,0.0,0.0,35.0,35.0,4.0,0.5,0.5,49.5,47.0,0.0,0.0,69.0,69.0,69.0,69.0,8.0,0.0,0.0,0.0,69.0,69.0,69.0,8.0,34.5,0.0,0.0,8.0,4.0,0.0,0.0,0.0,1.5,0.0,0.0,0.0,0.0,24.4575,655744.0,24.375,52638208.0,260263909.7275,1397296128.0,-1.0,0.0,0.0,0.0
2025-04-09 14:30:28,4.0,4.0,0.0,35.5,82.5,0.0,0.0,0.0,0.0,0.0,35.0,35.0,4.0,0.5,0.5,49.5,47.0,0.0,0.0,69.0,69.0,69.0,69.0,8.0,0.0,0.0,0.0,69.0,69.0,69.0,8.0,34.5,0.0,0.0,8.0,4.0,0.0,0.0,0.0,1.5,0.0,0.0,0.0,0.0,24.4575,655744.0,24.375,52638208.0,260263909.7275,1397296128.0,-1.0,0.0,0.0,0.0
2025-04-09 14:30:29,4.0,4.0,0.0,35.5,82.5,0.0,0.0,0.0,0.0,0.0,35.0,35.0,4.0,0.5,0.5,49.5,47.0,0.0,0.0,69.0,69.0,69.0,69.0,8.0,0.0,0.0,0.0,69.0,69.0,69.0,8.0,34.5,0.0,0.0,8.0,4.0,0.0,0.0,0.0,1.5,0.0,0.0,0.0,0.0,24.458750000000002,655744.0,24.375,52638208.0,260263909.7275,1397296128.0,-1.0,0.0,0.0,0.0
2025-04-09 14:30:30,4.0,4.0,0.0,35.5,82.5,0.0,0.0,0.0,0.0,0.0,35.0,35.0,4.0,0.5,0.5,49.5,47.0,0.0,0.0,69.0,69.0,69.0,69.0,8.0,0.0,0.0,0.0,69.0,69.0,69.0,8.0,34.5,0.0,0.0,8.0,4.0,0.0,0.0,0.0,1.5,0.0,0.0,0.0,0.0,24.458750000000002,655744.0,24.375,52638208.0,260263909.7275,1397296128.0,-1.0,0.0,0.0,0.0
2025-04-09 14:30:31,4.0,4.0,0.0,35.5,82.5,0.0,0.0,0.0,0.0,0.0,35.0,35.0,4.0,0.5,0.5,49.5,47.0,0.0,0.0,69.0,69.0,69.0,69.0,8.0,0.0,0.0,0.0,69.0,69.0,69.0,8.0,34.5,0.0,0.0,8.0,4.0,0.0,0.0,0.0,1.5,0.0,0.0,0.0,0.0,24.458750000000002,655744.0,24.375,52638208.0,260263909.7275,1397296128.0,-1.0,0.0,0.0,0.0
2025-04-09 14:30:32,4.0,4.0,0.0,35.5,82.5,0.0,0.0,0.0,0.0,0.0,35.0,35.0,4.0,0.5,0.5,49.5,47.0,0.0,0.0,69.0,69.0,69.0,69.0,8.0,0.0,0.0,0.0,69.0,69.0,69.0,8.0,34.5,0.0,0.0,8.0,4.0,0.0,0.0,0.0,1.5,0.0,0.0,0.0,0.0,24.458750000000002,655744.0,24.5,52638208.0,260263909.7275,1397296128.0,-1.0,0.0,0.0,0.0
2025-04-09 14:30:33,4.0,4.0,0.0,35.5,82.5,0.0,0.0,0.0,0.0,0.0,35.0,35.0,4.0,0.5,0.5,49.5,47.0,0.0,0.0,69.0,69.0,69.0,69.0,8.0,0.0,0.0,0.0,69.0,69.0,69.0,8.0,34.5,0.0,0.0,8.0,4.0,0.0,0.0,0.0,1.5,0.0,0.0,0.0,0.0,24.458750000000002,655744.0,24.5,52654592.0,260263909.7275,1397296128.0,-1.0,0.0,0.0,0.0
2025-04-09 14:30:34,4.0,4.0,0.0,35.5,82.5,0.0,0.0,0.0,0.0,0.0,35.0,35.0,4.0,0.5,0.5,49.5,47.0,0.0,0.0,69.0,69.0,69.0,69.0,8.0,0.0,0.0,0.0,69.0,69.0,69.0,8.0,34.5,0.0,0.0,8.0,4.0,0.0,0.0,0.0,1.5,0.0,0.0,0.0,0.0,24.46,655744.0,24.5,52654592.0,260263909.7275,1397296128.0,-1.0,0.0,0.0,0.0
2025-04-09 14:30:35,4.0,4.0,0.0,35.5,82.5,0.0,0.0,0.0,0.0,0.0,35.0,35.0,4.0,0.5,0.5,49.5,47.0,0.0,0.0,69.0,69.0,69.0,69.0,8.0,0.0,0.0,0.0,69.0,69.0,69.0,8.0,34.5,0.0,0.0,8.0,4.0,0.0,0.0,0.0,1.5,0.0,0.0,0.0,0.0,24.46125,655744.0,24.5,52654592.0,260263909.7275,1397296128.0,-1.0,0.0,0.0,0.0
